18:32:17 **** Build of configuration Debug for project MKL25Z4_TX ****
make -r -j16 all 
Building file: ../source/mtb.c
Building file: ../utilities/fsl_debug_console.c
Building file: ../source/MKL25Z4_TX.c
Building file: ../startup/startup_mkl25z4.c
Building file: ../drivers/fsl_clock.c
Building file: ../source/semihost_hardfault.c
Invoking: MCU C Compiler
Building file: ../drivers/fsl_common.c
Invoking: MCU C Compiler
Invoking: MCU C Compiler
Invoking: MCU C Compiler
arm-none-eabi-gcc -DCPU_MKL25Z128VLK4 -DCPU_MKL25Z128VLK4_cm0plus -DSDK_OS_BAREMETAL -DFSL_RTOS_BM -DSDK_DEBUGCONSOLE=1 -DCR_INTEGER_PRINTF -DPRINTF_FLOAT_ENABLE=0 -D__MCUXPRESSO -D__USE_CMSIS -DDEBUG -D__REDLIB__ -I"/home/sesgaro/Documents/MCUXpresso_25.6.136/workspace/MKL25Z4_TX/board" -I"/home/sesgaro/Documents/MCUXpresso_25.6.136/workspace/MKL25Z4_TX/source" -I"/home/sesgaro/Documents/MCUXpresso_25.6.136/workspace/MKL25Z4_TX" -I"/home/sesgaro/Documents/MCUXpresso_25.6.136/workspace/MKL25Z4_TX/drivers" -I"/home/sesgaro/Documents/MCUXpresso_25.6.136/workspace/MKL25Z4_TX/startup" -I"/home/sesgaro/Documents/MCUXpresso_25.6.136/workspace/MKL25Z4_TX/utilities" -I"/home/sesgaro/Documents/MCUXpresso_25.6.136/workspace/MKL25Z4_TX/CMSIS" -O0 -fno-common -g3 -gdwarf-4 -Wall -c -fmessage-length=0 -fno-builtin -ffunction-sections -fdata-sections -fmerge-constants -fmacro-prefix-map="../source/"= -mcpu=cortex-m0plus -mthumb -D__REDLIB__ -fstack-usage -specs=redlib.specs -MMD -MP -MF"source/mtb.d" -MT"source/mtb.o" -MT"source/mtb.d" -o "source/mtb.o" "../source/mtb.c"
Invoking: MCU C Compiler
Invoking: MCU C Compiler
arm-none-eabi-gcc -DCPU_MKL25Z128VLK4 -DCPU_MKL25Z128VLK4_cm0plus -DSDK_OS_BAREMETAL -DFSL_RTOS_BM -DSDK_DEBUGCONSOLE=1 -DCR_INTEGER_PRINTF -DPRINTF_FLOAT_ENABLE=0 -D__MCUXPRESSO -D__USE_CMSIS -DDEBUG -D__REDLIB__ -I"/home/sesgaro/Documents/MCUXpresso_25.6.136/workspace/MKL25Z4_TX/board" -I"/home/sesgaro/Documents/MCUXpresso_25.6.136/workspace/MKL25Z4_TX/source" -I"/home/sesgaro/Documents/MCUXpresso_25.6.136/workspace/MKL25Z4_TX" -I"/home/sesgaro/Documents/MCUXpresso_25.6.136/workspace/MKL25Z4_TX/drivers" -I"/home/sesgaro/Documents/MCUXpresso_25.6.136/workspace/MKL25Z4_TX/startup" -I"/home/sesgaro/Documents/MCUXpresso_25.6.136/workspace/MKL25Z4_TX/utilities" -I"/home/sesgaro/Documents/MCUXpresso_25.6.136/workspace/MKL25Z4_TX/CMSIS" -O0 -fno-common -g3 -gdwarf-4 -Wall -c -fmessage-length=0 -fno-builtin -ffunction-sections -fdata-sections -fmerge-constants -fmacro-prefix-map="../utilities/"= -mcpu=cortex-m0plus -mthumb -D__REDLIB__ -fstack-usage -specs=redlib.specs -MMD -MP -MF"utilities/fsl_debug_console.d" -MT"utilities/fsl_debug_console.o" -MT"utilities/fsl_debug_console.d" -o "utilities/fsl_debug_console.o" "../utilities/fsl_debug_console.c"
arm-none-eabi-gcc -DCPU_MKL25Z128VLK4 -DCPU_MKL25Z128VLK4_cm0plus -DSDK_OS_BAREMETAL -DFSL_RTOS_BM -DSDK_DEBUGCONSOLE=1 -DCR_INTEGER_PRINTF -DPRINTF_FLOAT_ENABLE=0 -D__MCUXPRESSO -D__USE_CMSIS -DDEBUG -D__REDLIB__ -I"/home/sesgaro/Documents/MCUXpresso_25.6.136/workspace/MKL25Z4_TX/board" -I"/home/sesgaro/Documents/MCUXpresso_25.6.136/workspace/MKL25Z4_TX/source" -I"/home/sesgaro/Documents/MCUXpresso_25.6.136/workspace/MKL25Z4_TX" -I"/home/sesgaro/Documents/MCUXpresso_25.6.136/workspace/MKL25Z4_TX/drivers" -I"/home/sesgaro/Documents/MCUXpresso_25.6.136/workspace/MKL25Z4_TX/startup" -I"/home/sesgaro/Documents/MCUXpresso_25.6.136/workspace/MKL25Z4_TX/utilities" -I"/home/sesgaro/Documents/MCUXpresso_25.6.136/workspace/MKL25Z4_TX/CMSIS" -O0 -fno-common -g3 -gdwarf-4 -Wall -c -fmessage-length=0 -fno-builtin -ffunction-sections -fdata-sections -fmerge-constants -fmacro-prefix-map="../startup/"= -mcpu=cortex-m0plus -mthumb -D__REDLIB__ -fstack-usage -specs=redlib.specs -MMD -MP -MF"startup/startup_mkl25z4.d" -MT"startup/startup_mkl25z4.o" -MT"startup/startup_mkl25z4.d" -o "startup/startup_mkl25z4.o" "../startup/startup_mkl25z4.c"
Invoking: MCU C Compiler
arm-none-eabi-gcc -DCPU_MKL25Z128VLK4 -DCPU_MKL25Z128VLK4_cm0plus -DSDK_OS_BAREMETAL -DFSL_RTOS_BM -DSDK_DEBUGCONSOLE=1 -DCR_INTEGER_PRINTF -DPRINTF_FLOAT_ENABLE=0 -D__MCUXPRESSO -D__USE_CMSIS -DDEBUG -D__REDLIB__ -I"/home/sesgaro/Documents/MCUXpresso_25.6.136/workspace/MKL25Z4_TX/board" -I"/home/sesgaro/Documents/MCUXpresso_25.6.136/workspace/MKL25Z4_TX/source" -I"/home/sesgaro/Documents/MCUXpresso_25.6.136/workspace/MKL25Z4_TX" -I"/home/sesgaro/Documents/MCUXpresso_25.6.136/workspace/MKL25Z4_TX/drivers" -I"/home/sesgaro/Documents/MCUXpresso_25.6.136/workspace/MKL25Z4_TX/startup" -I"/home/sesgaro/Documents/MCUXpresso_25.6.136/workspace/MKL25Z4_TX/utilities" -I"/home/sesgaro/Documents/MCUXpresso_25.6.136/workspace/MKL25Z4_TX/CMSIS" -O0 -fno-common -g3 -gdwarf-4 -Wall -c -fmessage-length=0 -fno-builtin -ffunction-sections -fdata-sections -fmerge-constants -fmacro-prefix-map="../source/"= -mcpu=cortex-m0plus -mthumb -D__REDLIB__ -fstack-usage -specs=redlib.specs -MMD -MP -MF"source/MKL25Z4_TX.d" -MT"source/MKL25Z4_TX.o" -MT"source/MKL25Z4_TX.d" -o "source/MKL25Z4_TX.o" "../source/MKL25Z4_TX.c"
arm-none-eabi-gcc -DCPU_MKL25Z128VLK4 -DCPU_MKL25Z128VLK4_cm0plus -DSDK_OS_BAREMETAL -DFSL_RTOS_BM -DSDK_DEBUGCONSOLE=1 -DCR_INTEGER_PRINTF -DPRINTF_FLOAT_ENABLE=0 -D__MCUXPRESSO -D__USE_CMSIS -DDEBUG -D__REDLIB__ -I"/home/sesgaro/Documents/MCUXpresso_25.6.136/workspace/MKL25Z4_TX/board" -I"/home/sesgaro/Documents/MCUXpresso_25.6.136/workspace/MKL25Z4_TX/source" -I"/home/sesgaro/Documents/MCUXpresso_25.6.136/workspace/MKL25Z4_TX" -I"/home/sesgaro/Documents/MCUXpresso_25.6.136/workspace/MKL25Z4_TX/drivers" -I"/home/sesgaro/Documents/MCUXpresso_25.6.136/workspace/MKL25Z4_TX/startup" -I"/home/sesgaro/Documents/MCUXpresso_25.6.136/workspace/MKL25Z4_TX/utilities" -I"/home/sesgaro/Documents/MCUXpresso_25.6.136/workspace/MKL25Z4_TX/CMSIS" -O0 -fno-common -g3 -gdwarf-4 -Wall -c -fmessage-length=0 -fno-builtin -ffunction-sections -fdata-sections -fmerge-constants -fmacro-prefix-map="../source/"= -mcpu=cortex-m0plus -mthumb -D__REDLIB__ -fstack-usage -specs=redlib.specs -MMD -MP -MF"source/semihost_hardfault.d" -MT"source/semihost_hardfault.o" -MT"source/semihost_hardfault.d" -o "source/semihost_hardfault.o" "../source/semihost_hardfault.c"
arm-none-eabi-gcc -DCPU_MKL25Z128VLK4 -DCPU_MKL25Z128VLK4_cm0plus -DSDK_OS_BAREMETAL -DFSL_RTOS_BM -DSDK_DEBUGCONSOLE=1 -DCR_INTEGER_PRINTF -DPRINTF_FLOAT_ENABLE=0 -D__MCUXPRESSO -D__USE_CMSIS -DDEBUG -D__REDLIB__ -I"/home/sesgaro/Documents/MCUXpresso_25.6.136/workspace/MKL25Z4_TX/board" -I"/home/sesgaro/Documents/MCUXpresso_25.6.136/workspace/MKL25Z4_TX/source" -I"/home/sesgaro/Documents/MCUXpresso_25.6.136/workspace/MKL25Z4_TX" -I"/home/sesgaro/Documents/MCUXpresso_25.6.136/workspace/MKL25Z4_TX/drivers" -I"/home/sesgaro/Documents/MCUXpresso_25.6.136/workspace/MKL25Z4_TX/startup" -I"/home/sesgaro/Documents/MCUXpresso_25.6.136/workspace/MKL25Z4_TX/utilities" -I"/home/sesgaro/Documents/MCUXpresso_25.6.136/workspace/MKL25Z4_TX/CMSIS" -O0 -fno-common -g3 -gdwarf-4 -Wall -c -fmessage-length=0 -fno-builtin -ffunction-sections -fdata-sections -fmerge-constants -fmacro-prefix-map="../drivers/"= -mcpu=cortex-m0plus -mthumb -D__REDLIB__ -fstack-usage -specs=redlib.specs -MMD -MP -MF"drivers/fsl_clock.d" -MT"drivers/fsl_clock.o" -MT"drivers/fsl_clock.d" -o "drivers/fsl_clock.o" "../drivers/fsl_clock.c"
arm-none-eabi-gcc -DCPU_MKL25Z128VLK4 -DCPU_MKL25Z128VLK4_cm0plus -DSDK_OS_BAREMETAL -DFSL_RTOS_BM -DSDK_DEBUGCONSOLE=1 -DCR_INTEGER_PRINTF -DPRINTF_FLOAT_ENABLE=0 -D__MCUXPRESSO -D__USE_CMSIS -DDEBUG -D__REDLIB__ -I"/home/sesgaro/Documents/MCUXpresso_25.6.136/workspace/MKL25Z4_TX/board" -I"/home/sesgaro/Documents/MCUXpresso_25.6.136/workspace/MKL25Z4_TX/source" -I"/home/sesgaro/Documents/MCUXpresso_25.6.136/workspace/MKL25Z4_TX" -I"/home/sesgaro/Documents/MCUXpresso_25.6.136/workspace/MKL25Z4_TX/drivers" -I"/home/sesgaro/Documents/MCUXpresso_25.6.136/workspace/MKL25Z4_TX/startup" -I"/home/sesgaro/Documents/MCUXpresso_25.6.136/workspace/MKL25Z4_TX/utilities" -I"/home/sesgaro/Documents/MCUXpresso_25.6.136/workspace/MKL25Z4_TX/CMSIS" -O0 -fno-common -g3 -gdwarf-4 -Wall -c -fmessage-length=0 -fno-builtin -ffunction-sections -fdata-sections -fmerge-constants -fmacro-prefix-map="../drivers/"= -mcpu=cortex-m0plus -mthumb -D__REDLIB__ -fstack-usage -specs=redlib.specs -MMD -MP -MF"drivers/fsl_common.d" -MT"drivers/fsl_common.o" -MT"drivers/fsl_common.d" -o "drivers/fsl_common.o" "../drivers/fsl_common.c"
Building file: ../drivers/fsl_flash.c
../source/MKL25Z4_TX.c:14:10: fatal error: MKL25Z4.H: No such file or directory
Building file: ../drivers/fsl_gpio.c
Building file: ../drivers/fsl_lpsci.c
Invoking: MCU C Compiler
arm-none-eabi-gcc -DCPU_MKL25Z128VLK4 -DCPU_MKL25Z128VLK4_cm0plus -DSDK_OS_BAREMETAL -DFSL_RTOS_BM -DSDK_DEBUGCONSOLE=1 -DCR_INTEGER_PRINTF -DPRINTF_FLOAT_ENABLE=0 -D__MCUXPRESSO -D__USE_CMSIS -DDEBUG -D__REDLIB__ -I"/home/sesgaro/Documents/MCUXpresso_25.6.136/workspace/MKL25Z4_TX/board" -I"/home/sesgaro/Documents/MCUXpresso_25.6.136/workspace/MKL25Z4_TX/source" -I"/home/sesgaro/Documents/MCUXpresso_25.6.136/workspace/MKL25Z4_TX" -I"/home/sesgaro/Documents/MCUXpresso_25.6.136/workspace/MKL25Z4_TX/drivers" -I"/home/sesgaro/Documents/MCUXpresso_25.6.136/workspace/MKL25Z4_TX/startup" -I"/home/sesgaro/Documents/MCUXpresso_25.6.136/workspace/MKL25Z4_TX/utilities" -I"/home/sesgaro/Documents/MCUXpresso_25.6.136/workspace/MKL25Z4_TX/CMSIS" -O0 -fno-common -g3 -gdwarf-4 -Wall -c -fmessage-length=0 -fno-builtin -ffunction-sections -fdata-sections -fmerge-constants -fmacro-prefix-map="../drivers/"= -mcpu=cortex-m0plus -mthumb -D__REDLIB__ -fstack-usage -specs=redlib.specs -MMD -MP -MF"drivers/fsl_flash.d" -MT"drivers/fsl_flash.o" -MT"drivers/fsl_flash.d" -o "drivers/fsl_flash.o" "../drivers/fsl_flash.c"
   14 | #include <MKL25Z4.H>
      |          ^~~~~~~~~~~
compilation terminated.
make[1]: *** [source/subdir.mk:26: source/MKL25Z4_TX.o] Error 1
Building file: ../drivers/fsl_smc.c
Invoking: MCU C Compiler
Invoking: MCU C Compiler
arm-none-eabi-gcc -DCPU_MKL25Z128VLK4 -DCPU_MKL25Z128VLK4_cm0plus -DSDK_OS_BAREMETAL -DFSL_RTOS_BM -DSDK_DEBUGCONSOLE=1 -DCR_INTEGER_PRINTF -DPRINTF_FLOAT_ENABLE=0 -D__MCUXPRESSO -D__USE_CMSIS -DDEBUG -D__REDLIB__ -I"/home/sesgaro/Documents/MCUXpresso_25.6.136/workspace/MKL25Z4_TX/board" -I"/home/sesgaro/Documents/MCUXpresso_25.6.136/workspace/MKL25Z4_TX/source" -I"/home/sesgaro/Documents/MCUXpresso_25.6.136/workspace/MKL25Z4_TX" -I"/home/sesgaro/Documents/MCUXpresso_25.6.136/workspace/MKL25Z4_TX/drivers" -I"/home/sesgaro/Documents/MCUXpresso_25.6.136/workspace/MKL25Z4_TX/startup" -I"/home/sesgaro/Documents/MCUXpresso_25.6.136/workspace/MKL25Z4_TX/utilities" -I"/home/sesgaro/Documents/MCUXpresso_25.6.136/workspace/MKL25Z4_TX/CMSIS" -O0 -fno-common -g3 -gdwarf-4 -Wall -c -fmessage-length=0 -fno-builtin -ffunction-sections -fdata-sections -fmerge-constants -fmacro-prefix-map="../drivers/"= -mcpu=cortex-m0plus -mthumb -D__REDLIB__ -fstack-usage -specs=redlib.specs -MMD -MP -MF"drivers/fsl_gpio.d" -MT"drivers/fsl_gpio.o" -MT"drivers/fsl_gpio.d" -o "drivers/fsl_gpio.o" "../drivers/fsl_gpio.c"
make[1]: *** Waiting for unfinished jobs....
Building file: ../drivers/fsl_uart.c
Invoking: MCU C Compiler
arm-none-eabi-gcc -DCPU_MKL25Z128VLK4 -DCPU_MKL25Z128VLK4_cm0plus -DSDK_OS_BAREMETAL -DFSL_RTOS_BM -DSDK_DEBUGCONSOLE=1 -DCR_INTEGER_PRINTF -DPRINTF_FLOAT_ENABLE=0 -D__MCUXPRESSO -D__USE_CMSIS -DDEBUG -D__REDLIB__ -I"/home/sesgaro/Documents/MCUXpresso_25.6.136/workspace/MKL25Z4_TX/board" -I"/home/sesgaro/Documents/MCUXpresso_25.6.136/workspace/MKL25Z4_TX/source" -I"/home/sesgaro/Documents/MCUXpresso_25.6.136/workspace/MKL25Z4_TX" -I"/home/sesgaro/Documents/MCUXpresso_25.6.136/workspace/MKL25Z4_TX/drivers" -I"/home/sesgaro/Documents/MCUXpresso_25.6.136/workspace/MKL25Z4_TX/startup" -I"/home/sesgaro/Documents/MCUXpresso_25.6.136/workspace/MKL25Z4_TX/utilities" -I"/home/sesgaro/Documents/MCUXpresso_25.6.136/workspace/MKL25Z4_TX/CMSIS" -O0 -fno-common -g3 -gdwarf-4 -Wall -c -fmessage-length=0 -fno-builtin -ffunction-sections -fdata-sections -fmerge-constants -fmacro-prefix-map="../drivers/"= -mcpu=cortex-m0plus -mthumb -D__REDLIB__ -fstack-usage -specs=redlib.specs -MMD -MP -MF"drivers/fsl_lpsci.d" -MT"drivers/fsl_lpsci.o" -MT"drivers/fsl_lpsci.d" -o "drivers/fsl_lpsci.o" "../drivers/fsl_lpsci.c"
arm-none-eabi-gcc -DCPU_MKL25Z128VLK4 -DCPU_MKL25Z128VLK4_cm0plus -DSDK_OS_BAREMETAL -DFSL_RTOS_BM -DSDK_DEBUGCONSOLE=1 -DCR_INTEGER_PRINTF -DPRINTF_FLOAT_ENABLE=0 -D__MCUXPRESSO -D__USE_CMSIS -DDEBUG -D__REDLIB__ -I"/home/sesgaro/Documents/MCUXpresso_25.6.136/workspace/MKL25Z4_TX/board" -I"/home/sesgaro/Documents/MCUXpresso_25.6.136/workspace/MKL25Z4_TX/source" -I"/home/sesgaro/Documents/MCUXpresso_25.6.136/workspace/MKL25Z4_TX" -I"/home/sesgaro/Documents/MCUXpresso_25.6.136/workspace/MKL25Z4_TX/drivers" -I"/home/sesgaro/Documents/MCUXpresso_25.6.136/workspace/MKL25Z4_TX/startup" -I"/home/sesgaro/Documents/MCUXpresso_25.6.136/workspace/MKL25Z4_TX/utilities" -I"/home/sesgaro/Documents/MCUXpresso_25.6.136/workspace/MKL25Z4_TX/CMSIS" -O0 -fno-common -g3 -gdwarf-4 -Wall -c -fmessage-length=0 -fno-builtin -ffunction-sections -fdata-sections -fmerge-constants -fmacro-prefix-map="../drivers/"= -mcpu=cortex-m0plus -mthumb -D__REDLIB__ -fstack-usage -specs=redlib.specs -MMD -MP -MF"drivers/fsl_smc.d" -MT"drivers/fsl_smc.o" -MT"drivers/fsl_smc.d" -o "drivers/fsl_smc.o" "../drivers/fsl_smc.c"
Invoking: MCU C Compiler
arm-none-eabi-gcc -DCPU_MKL25Z128VLK4 -DCPU_MKL25Z128VLK4_cm0plus -DSDK_OS_BAREMETAL -DFSL_RTOS_BM -DSDK_DEBUGCONSOLE=1 -DCR_INTEGER_PRINTF -DPRINTF_FLOAT_ENABLE=0 -D__MCUXPRESSO -D__USE_CMSIS -DDEBUG -D__REDLIB__ -I"/home/sesgaro/Documents/MCUXpresso_25.6.136/workspace/MKL25Z4_TX/board" -I"/home/sesgaro/Documents/MCUXpresso_25.6.136/workspace/MKL25Z4_TX/source" -I"/home/sesgaro/Documents/MCUXpresso_25.6.136/workspace/MKL25Z4_TX" -I"/home/sesgaro/Documents/MCUXpresso_25.6.136/workspace/MKL25Z4_TX/drivers" -I"/home/sesgaro/Documents/MCUXpresso_25.6.136/workspace/MKL25Z4_TX/startup" -I"/home/sesgaro/Documents/MCUXpresso_25.6.136/workspace/MKL25Z4_TX/utilities" -I"/home/sesgaro/Documents/MCUXpresso_25.6.136/workspace/MKL25Z4_TX/CMSIS" -O0 -fno-common -g3 -gdwarf-4 -Wall -c -fmessage-length=0 -fno-builtin -ffunction-sections -fdata-sections -fmerge-constants -fmacro-prefix-map="../drivers/"= -mcpu=cortex-m0plus -mthumb -D__REDLIB__ -fstack-usage -specs=redlib.specs -MMD -MP -MF"drivers/fsl_uart.d" -MT"drivers/fsl_uart.o" -MT"drivers/fsl_uart.d" -o "drivers/fsl_uart.o" "../drivers/fsl_uart.c"
Building file: ../board/clock_config.c
Building file: ../board/peripherals.c
Building file: ../board/board.c
Invoking: MCU C Compiler
Building file: ../board/pin_mux.c
arm-none-eabi-gcc -DCPU_MKL25Z128VLK4 -DCPU_MKL25Z128VLK4_cm0plus -DSDK_OS_BAREMETAL -DFSL_RTOS_BM -DSDK_DEBUGCONSOLE=1 -DCR_INTEGER_PRINTF -DPRINTF_FLOAT_ENABLE=0 -D__MCUXPRESSO -D__USE_CMSIS -DDEBUG -D__REDLIB__ -I"/home/sesgaro/Documents/MCUXpresso_25.6.136/workspace/MKL25Z4_TX/board" -I"/home/sesgaro/Documents/MCUXpresso_25.6.136/workspace/MKL25Z4_TX/source" -I"/home/sesgaro/Documents/MCUXpresso_25.6.136/workspace/MKL25Z4_TX" -I"/home/sesgaro/Documents/MCUXpresso_25.6.136/workspace/MKL25Z4_TX/drivers" -I"/home/sesgaro/Documents/MCUXpresso_25.6.136/workspace/MKL25Z4_TX/startup" -I"/home/sesgaro/Documents/MCUXpresso_25.6.136/workspace/MKL25Z4_TX/utilities" -I"/home/sesgaro/Documents/MCUXpresso_25.6.136/workspace/MKL25Z4_TX/CMSIS" -O0 -fno-common -g3 -gdwarf-4 -Wall -c -fmessage-length=0 -fno-builtin -ffunction-sections -fdata-sections -fmerge-constants -fmacro-prefix-map="../board/"= -mcpu=cortex-m0plus -mthumb -D__REDLIB__ -fstack-usage -specs=redlib.specs -MMD -MP -MF"board/clock_config.d" -MT"board/clock_config.o" -MT"board/clock_config.d" -o "board/clock_config.o" "../board/clock_config.c"
Invoking: MCU C Compiler
Invoking: MCU C Compiler
arm-none-eabi-gcc -DCPU_MKL25Z128VLK4 -DCPU_MKL25Z128VLK4_cm0plus -DSDK_OS_BAREMETAL -DFSL_RTOS_BM -DSDK_DEBUGCONSOLE=1 -DCR_INTEGER_PRINTF -DPRINTF_FLOAT_ENABLE=0 -D__MCUXPRESSO -D__USE_CMSIS -DDEBUG -D__REDLIB__ -I"/home/sesgaro/Documents/MCUXpresso_25.6.136/workspace/MKL25Z4_TX/board" -I"/home/sesgaro/Documents/MCUXpresso_25.6.136/workspace/MKL25Z4_TX/source" -I"/home/sesgaro/Documents/MCUXpresso_25.6.136/workspace/MKL25Z4_TX" -I"/home/sesgaro/Documents/MCUXpresso_25.6.136/workspace/MKL25Z4_TX/drivers" -I"/home/sesgaro/Documents/MCUXpresso_25.6.136/workspace/MKL25Z4_TX/startup" -I"/home/sesgaro/Documents/MCUXpresso_25.6.136/workspace/MKL25Z4_TX/utilities" -I"/home/sesgaro/Documents/MCUXpresso_25.6.136/workspace/MKL25Z4_TX/CMSIS" -O0 -fno-common -g3 -gdwarf-4 -Wall -c -fmessage-length=0 -fno-builtin -ffunction-sections -fdata-sections -fmerge-constants -fmacro-prefix-map="../board/"= -mcpu=cortex-m0plus -mthumb -D__REDLIB__ -fstack-usage -specs=redlib.specs -MMD -MP -MF"board/board.d" -MT"board/board.o" -MT"board/board.d" -o "board/board.o" "../board/board.c"
arm-none-eabi-gcc -DCPU_MKL25Z128VLK4 -DCPU_MKL25Z128VLK4_cm0plus -DSDK_OS_BAREMETAL -DFSL_RTOS_BM -DSDK_DEBUGCONSOLE=1 -DCR_INTEGER_PRINTF -DPRINTF_FLOAT_ENABLE=0 -D__MCUXPRESSO -D__USE_CMSIS -DDEBUG -D__REDLIB__ -I"/home/sesgaro/Documents/MCUXpresso_25.6.136/workspace/MKL25Z4_TX/board" -I"/home/sesgaro/Documents/MCUXpresso_25.6.136/workspace/MKL25Z4_TX/source" -I"/home/sesgaro/Documents/MCUXpresso_25.6.136/workspace/MKL25Z4_TX" -I"/home/sesgaro/Documents/MCUXpresso_25.6.136/workspace/MKL25Z4_TX/drivers" -I"/home/sesgaro/Documents/MCUXpresso_25.6.136/workspace/MKL25Z4_TX/startup" -I"/home/sesgaro/Documents/MCUXpresso_25.6.136/workspace/MKL25Z4_TX/utilities" -I"/home/sesgaro/Documents/MCUXpresso_25.6.136/workspace/MKL25Z4_TX/CMSIS" -O0 -fno-common -g3 -gdwarf-4 -Wall -c -fmessage-length=0 -fno-builtin -ffunction-sections -fdata-sections -fmerge-constants -fmacro-prefix-map="../board/"= -mcpu=cortex-m0plus -mthumb -D__REDLIB__ -fstack-usage -specs=redlib.specs -MMD -MP -MF"board/peripherals.d" -MT"board/peripherals.o" -MT"board/peripherals.d" -o "board/peripherals.o" "../board/peripherals.c"
Invoking: MCU C Compiler
arm-none-eabi-gcc -DCPU_MKL25Z128VLK4 -DCPU_MKL25Z128VLK4_cm0plus -DSDK_OS_BAREMETAL -DFSL_RTOS_BM -DSDK_DEBUGCONSOLE=1 -DCR_INTEGER_PRINTF -DPRINTF_FLOAT_ENABLE=0 -D__MCUXPRESSO -D__USE_CMSIS -DDEBUG -D__REDLIB__ -I"/home/sesgaro/Documents/MCUXpresso_25.6.136/workspace/MKL25Z4_TX/board" -I"/home/sesgaro/Documents/MCUXpresso_25.6.136/workspace/MKL25Z4_TX/source" -I"/home/sesgaro/Documents/MCUXpresso_25.6.136/workspace/MKL25Z4_TX" -I"/home/sesgaro/Documents/MCUXpresso_25.6.136/workspace/MKL25Z4_TX/drivers" -I"/home/sesgaro/Documents/MCUXpresso_25.6.136/workspace/MKL25Z4_TX/startup" -I"/home/sesgaro/Documents/MCUXpresso_25.6.136/workspace/MKL25Z4_TX/utilities" -I"/home/sesgaro/Documents/MCUXpresso_25.6.136/workspace/MKL25Z4_TX/CMSIS" -O0 -fno-common -g3 -gdwarf-4 -Wall -c -fmessage-length=0 -fno-builtin -ffunction-sections -fdata-sections -fmerge-constants -fmacro-prefix-map="../board/"= -mcpu=cortex-m0plus -mthumb -D__REDLIB__ -fstack-usage -specs=redlib.specs -MMD -MP -MF"board/pin_mux.d" -MT"board/pin_mux.o" -MT"board/pin_mux.d" -o "board/pin_mux.o" "../board/pin_mux.c"
Finished building: ../source/mtb.c
 
Finished building: ../board/peripherals.c
 
Finished building: ../source/semihost_hardfault.c
 
../utilities/fsl_debug_console.c: In function 'DbgConsole_Getchar':
../utilities/fsl_debug_console.c:482:31: warning: 'ch' may be used uninitialized [-Wmaybe-uninitialized]
  482 |     while (kStatus_Success != s_debugConsole.ops.rx_union.GetChar(s_debugConsole.base, (uint8_t *)(&ch), 1))
      |                               ^~~~~~~~~~~~~~~~~~~~~~~~~~~~~~~~~~~~~~~~~~~~~~~~~~~~~~~~~~~~~~~~~~~~~~~~~~~~~
../utilities/fsl_debug_console.c:482:31: note: by argument 2 of type 'const uint8_t *' {aka 'const unsigned char *'} to 'status_t(void *, const uint8_t *, size_t)' {aka 'int(void *, const unsigned char *, unsigned int)'}
../utilities/fsl_debug_console.c:476:10: note: 'ch' declared here
  476 |     char ch;
      |          ^~
Finished building: ../startup/startup_mkl25z4.c
 
Finished building: ../drivers/fsl_common.c
 
Finished building: ../drivers/fsl_gpio.c
 
Finished building: ../board/board.c
 
Finished building: ../board/pin_mux.c
 
Finished building: ../board/clock_config.c
 
Finished building: ../drivers/fsl_smc.c
 
Finished building: ../utilities/fsl_debug_console.c
 
Finished building: ../drivers/fsl_flash.c
 
Finished building: ../drivers/fsl_lpsci.c
 
Finished building: ../drivers/fsl_uart.c
 
Finished building: ../drivers/fsl_clock.c
 
make: *** [makefile:40: all] Error 2
"make -r -j16 all" terminated with exit code 2. Build might be incomplete.
18:32:51 **** Build of configuration Debug for project MKL25Z4_TX ****
make -r -j16 all 
Building file: ../source/MKL25Z4_TX.c
Building file: ../CMSIS/system_MKL25Z4.c
Invoking: MCU C Compiler
Invoking: MCU C Compiler
arm-none-eabi-gcc -DCPU_MKL25Z128VLK4 -DCPU_MKL25Z128VLK4_cm0plus -DSDK_OS_BAREMETAL -DFSL_RTOS_BM -DSDK_DEBUGCONSOLE=1 -DCR_INTEGER_PRINTF -DPRINTF_FLOAT_ENABLE=0 -D__MCUXPRESSO -D__USE_CMSIS -DDEBUG -D__REDLIB__ -I"/home/sesgaro/Documents/MCUXpresso_25.6.136/workspace/MKL25Z4_TX/board" -I"/home/sesgaro/Documents/MCUXpresso_25.6.136/workspace/MKL25Z4_TX/source" -I"/home/sesgaro/Documents/MCUXpresso_25.6.136/workspace/MKL25Z4_TX" -I"/home/sesgaro/Documents/MCUXpresso_25.6.136/workspace/MKL25Z4_TX/drivers" -I"/home/sesgaro/Documents/MCUXpresso_25.6.136/workspace/MKL25Z4_TX/startup" -I"/home/sesgaro/Documents/MCUXpresso_25.6.136/workspace/MKL25Z4_TX/utilities" -I"/home/sesgaro/Documents/MCUXpresso_25.6.136/workspace/MKL25Z4_TX/CMSIS" -O0 -fno-common -g3 -gdwarf-4 -Wall -c -fmessage-length=0 -fno-builtin -ffunction-sections -fdata-sections -fmerge-constants -fmacro-prefix-map="../CMSIS/"= -mcpu=cortex-m0plus -mthumb -D__REDLIB__ -fstack-usage -specs=redlib.specs -MMD -MP -MF"CMSIS/system_MKL25Z4.d" -MT"CMSIS/system_MKL25Z4.o" -MT"CMSIS/system_MKL25Z4.d" -o "CMSIS/system_MKL25Z4.o" "../CMSIS/system_MKL25Z4.c"
arm-none-eabi-gcc -DCPU_MKL25Z128VLK4 -DCPU_MKL25Z128VLK4_cm0plus -DSDK_OS_BAREMETAL -DFSL_RTOS_BM -DSDK_DEBUGCONSOLE=1 -DCR_INTEGER_PRINTF -DPRINTF_FLOAT_ENABLE=0 -D__MCUXPRESSO -D__USE_CMSIS -DDEBUG -D__REDLIB__ -I"/home/sesgaro/Documents/MCUXpresso_25.6.136/workspace/MKL25Z4_TX/board" -I"/home/sesgaro/Documents/MCUXpresso_25.6.136/workspace/MKL25Z4_TX/source" -I"/home/sesgaro/Documents/MCUXpresso_25.6.136/workspace/MKL25Z4_TX" -I"/home/sesgaro/Documents/MCUXpresso_25.6.136/workspace/MKL25Z4_TX/drivers" -I"/home/sesgaro/Documents/MCUXpresso_25.6.136/workspace/MKL25Z4_TX/startup" -I"/home/sesgaro/Documents/MCUXpresso_25.6.136/workspace/MKL25Z4_TX/utilities" -I"/home/sesgaro/Documents/MCUXpresso_25.6.136/workspace/MKL25Z4_TX/CMSIS" -O0 -fno-common -g3 -gdwarf-4 -Wall -c -fmessage-length=0 -fno-builtin -ffunction-sections -fdata-sections -fmerge-constants -fmacro-prefix-map="../source/"= -mcpu=cortex-m0plus -mthumb -D__REDLIB__ -fstack-usage -specs=redlib.specs -MMD -MP -MF"source/MKL25Z4_TX.d" -MT"source/MKL25Z4_TX.o" -MT"source/MKL25Z4_TX.d" -o "source/MKL25Z4_TX.o" "../source/MKL25Z4_TX.c"
Finished building: ../source/MKL25Z4_TX.c
 
Finished building: ../CMSIS/system_MKL25Z4.c
 
Building target: MKL25Z4_TX.axf
Invoking: MCU Linker
Template not found for name memory.ldt.
The name was interpreted by this TemplateLoader: com.crt.advproject.linkertemplate.FMLinkerFileTemplateLoader@3cd5f4fa.
make[1]: *** [makefile:49: MKL25Z4_TX.axf] Error 1
make: *** [makefile:40: all] Error 2
"make -r -j16 all" terminated with exit code 2. Build might be incomplete.
18:33:14 **** Clean-only build of configuration Debug for project MKL25Z4_TX ****
make -r -j16 clean 
rm -rf ./utilities/fsl_debug_console.d ./utilities/fsl_debug_console.o
rm -rf ./startup/startup_mkl25z4.d ./startup/startup_mkl25z4.o
rm -rf ./source/MKL25Z4_TX.d ./source/MKL25Z4_TX.o ./source/mtb.d ./source/mtb.o ./source/semihost_hardfault.d ./source/semihost_hardfault.o
rm -rf ./drivers/fsl_clock.d ./drivers/fsl_clock.o ./drivers/fsl_common.d ./drivers/fsl_common.o ./drivers/fsl_flash.d ./drivers/fsl_flash.o ./drivers/fsl_gpio.d ./drivers/fsl_gpio.o ./drivers/fsl_lpsci.d ./drivers/fsl_lpsci.o ./drivers/fsl_smc.d ./drivers/fsl_smc.o ./drivers/fsl_uart.d ./drivers/fsl_uart.o
rm -rf ./board/board.d ./board/board.o ./board/clock_config.d ./board/clock_config.o ./board/peripherals.d ./board/peripherals.o ./board/pin_mux.d ./board/pin_mux.o
rm -rf ./CMSIS/system_MKL25Z4.d ./CMSIS/system_MKL25Z4.o
rm -rf MKL25Z4_TX.axf
 
18:33:15 **** Build of configuration Debug for project MKL25Z4_TX ****
make -r -j16 all 
Building file: ../utilities/fsl_debug_console.c
Building file: ../startup/startup_mkl25z4.c
Building file: ../source/MKL25Z4_TX.c
Invoking: MCU C Compiler
Building file: ../source/mtb.c
Building file: ../source/semihost_hardfault.c
Invoking: MCU C Compiler
arm-none-eabi-gcc -DCPU_MKL25Z128VLK4 -DCPU_MKL25Z128VLK4_cm0plus -DSDK_OS_BAREMETAL -DFSL_RTOS_BM -DSDK_DEBUGCONSOLE=1 -DCR_INTEGER_PRINTF -DPRINTF_FLOAT_ENABLE=0 -D__MCUXPRESSO -D__USE_CMSIS -DDEBUG -D__REDLIB__ -I"/home/sesgaro/Documents/MCUXpresso_25.6.136/workspace/MKL25Z4_TX/board" -I"/home/sesgaro/Documents/MCUXpresso_25.6.136/workspace/MKL25Z4_TX/source" -I"/home/sesgaro/Documents/MCUXpresso_25.6.136/workspace/MKL25Z4_TX" -I"/home/sesgaro/Documents/MCUXpresso_25.6.136/workspace/MKL25Z4_TX/drivers" -I"/home/sesgaro/Documents/MCUXpresso_25.6.136/workspace/MKL25Z4_TX/startup" -I"/home/sesgaro/Documents/MCUXpresso_25.6.136/workspace/MKL25Z4_TX/utilities" -I"/home/sesgaro/Documents/MCUXpresso_25.6.136/workspace/MKL25Z4_TX/CMSIS" -O0 -fno-common -g3 -gdwarf-4 -Wall -c -fmessage-length=0 -fno-builtin -ffunction-sections -fdata-sections -fmerge-constants -fmacro-prefix-map="../utilities/"= -mcpu=cortex-m0plus -mthumb -D__REDLIB__ -fstack-usage -specs=redlib.specs -MMD -MP -MF"utilities/fsl_debug_console.d" -MT"utilities/fsl_debug_console.o" -MT"utilities/fsl_debug_console.d" -o "utilities/fsl_debug_console.o" "../utilities/fsl_debug_console.c"
Invoking: MCU C Compiler
Invoking: MCU C Compiler
arm-none-eabi-gcc -DCPU_MKL25Z128VLK4 -DCPU_MKL25Z128VLK4_cm0plus -DSDK_OS_BAREMETAL -DFSL_RTOS_BM -DSDK_DEBUGCONSOLE=1 -DCR_INTEGER_PRINTF -DPRINTF_FLOAT_ENABLE=0 -D__MCUXPRESSO -D__USE_CMSIS -DDEBUG -D__REDLIB__ -I"/home/sesgaro/Documents/MCUXpresso_25.6.136/workspace/MKL25Z4_TX/board" -I"/home/sesgaro/Documents/MCUXpresso_25.6.136/workspace/MKL25Z4_TX/source" -I"/home/sesgaro/Documents/MCUXpresso_25.6.136/workspace/MKL25Z4_TX" -I"/home/sesgaro/Documents/MCUXpresso_25.6.136/workspace/MKL25Z4_TX/drivers" -I"/home/sesgaro/Documents/MCUXpresso_25.6.136/workspace/MKL25Z4_TX/startup" -I"/home/sesgaro/Documents/MCUXpresso_25.6.136/workspace/MKL25Z4_TX/utilities" -I"/home/sesgaro/Documents/MCUXpresso_25.6.136/workspace/MKL25Z4_TX/CMSIS" -O0 -fno-common -g3 -gdwarf-4 -Wall -c -fmessage-length=0 -fno-builtin -ffunction-sections -fdata-sections -fmerge-constants -fmacro-prefix-map="../startup/"= -mcpu=cortex-m0plus -mthumb -D__REDLIB__ -fstack-usage -specs=redlib.specs -MMD -MP -MF"startup/startup_mkl25z4.d" -MT"startup/startup_mkl25z4.o" -MT"startup/startup_mkl25z4.d" -o "startup/startup_mkl25z4.o" "../startup/startup_mkl25z4.c"
arm-none-eabi-gcc -DCPU_MKL25Z128VLK4 -DCPU_MKL25Z128VLK4_cm0plus -DSDK_OS_BAREMETAL -DFSL_RTOS_BM -DSDK_DEBUGCONSOLE=1 -DCR_INTEGER_PRINTF -DPRINTF_FLOAT_ENABLE=0 -D__MCUXPRESSO -D__USE_CMSIS -DDEBUG -D__REDLIB__ -I"/home/sesgaro/Documents/MCUXpresso_25.6.136/workspace/MKL25Z4_TX/board" -I"/home/sesgaro/Documents/MCUXpresso_25.6.136/workspace/MKL25Z4_TX/source" -I"/home/sesgaro/Documents/MCUXpresso_25.6.136/workspace/MKL25Z4_TX" -I"/home/sesgaro/Documents/MCUXpresso_25.6.136/workspace/MKL25Z4_TX/drivers" -I"/home/sesgaro/Documents/MCUXpresso_25.6.136/workspace/MKL25Z4_TX/startup" -I"/home/sesgaro/Documents/MCUXpresso_25.6.136/workspace/MKL25Z4_TX/utilities" -I"/home/sesgaro/Documents/MCUXpresso_25.6.136/workspace/MKL25Z4_TX/CMSIS" -O0 -fno-common -g3 -gdwarf-4 -Wall -c -fmessage-length=0 -fno-builtin -ffunction-sections -fdata-sections -fmerge-constants -fmacro-prefix-map="../source/"= -mcpu=cortex-m0plus -mthumb -D__REDLIB__ -fstack-usage -specs=redlib.specs -MMD -MP -MF"source/MKL25Z4_TX.d" -MT"source/MKL25Z4_TX.o" -MT"source/MKL25Z4_TX.d" -o "source/MKL25Z4_TX.o" "../source/MKL25Z4_TX.c"
Invoking: MCU C Compiler
arm-none-eabi-gcc -DCPU_MKL25Z128VLK4 -DCPU_MKL25Z128VLK4_cm0plus -DSDK_OS_BAREMETAL -DFSL_RTOS_BM -DSDK_DEBUGCONSOLE=1 -DCR_INTEGER_PRINTF -DPRINTF_FLOAT_ENABLE=0 -D__MCUXPRESSO -D__USE_CMSIS -DDEBUG -D__REDLIB__ -I"/home/sesgaro/Documents/MCUXpresso_25.6.136/workspace/MKL25Z4_TX/board" -I"/home/sesgaro/Documents/MCUXpresso_25.6.136/workspace/MKL25Z4_TX/source" -I"/home/sesgaro/Documents/MCUXpresso_25.6.136/workspace/MKL25Z4_TX" -I"/home/sesgaro/Documents/MCUXpresso_25.6.136/workspace/MKL25Z4_TX/drivers" -I"/home/sesgaro/Documents/MCUXpresso_25.6.136/workspace/MKL25Z4_TX/startup" -I"/home/sesgaro/Documents/MCUXpresso_25.6.136/workspace/MKL25Z4_TX/utilities" -I"/home/sesgaro/Documents/MCUXpresso_25.6.136/workspace/MKL25Z4_TX/CMSIS" -O0 -fno-common -g3 -gdwarf-4 -Wall -c -fmessage-length=0 -fno-builtin -ffunction-sections -fdata-sections -fmerge-constants -fmacro-prefix-map="../source/"= -mcpu=cortex-m0plus -mthumb -D__REDLIB__ -fstack-usage -specs=redlib.specs -MMD -MP -MF"source/mtb.d" -MT"source/mtb.o" -MT"source/mtb.d" -o "source/mtb.o" "../source/mtb.c"
arm-none-eabi-gcc -DCPU_MKL25Z128VLK4 -DCPU_MKL25Z128VLK4_cm0plus -DSDK_OS_BAREMETAL -DFSL_RTOS_BM -DSDK_DEBUGCONSOLE=1 -DCR_INTEGER_PRINTF -DPRINTF_FLOAT_ENABLE=0 -D__MCUXPRESSO -D__USE_CMSIS -DDEBUG -D__REDLIB__ -I"/home/sesgaro/Documents/MCUXpresso_25.6.136/workspace/MKL25Z4_TX/board" -I"/home/sesgaro/Documents/MCUXpresso_25.6.136/workspace/MKL25Z4_TX/source" -I"/home/sesgaro/Documents/MCUXpresso_25.6.136/workspace/MKL25Z4_TX" -I"/home/sesgaro/Documents/MCUXpresso_25.6.136/workspace/MKL25Z4_TX/drivers" -I"/home/sesgaro/Documents/MCUXpresso_25.6.136/workspace/MKL25Z4_TX/startup" -I"/home/sesgaro/Documents/MCUXpresso_25.6.136/workspace/MKL25Z4_TX/utilities" -I"/home/sesgaro/Documents/MCUXpresso_25.6.136/workspace/MKL25Z4_TX/CMSIS" -O0 -fno-common -g3 -gdwarf-4 -Wall -c -fmessage-length=0 -fno-builtin -ffunction-sections -fdata-sections -fmerge-constants -fmacro-prefix-map="../source/"= -mcpu=cortex-m0plus -mthumb -D__REDLIB__ -fstack-usage -specs=redlib.specs -MMD -MP -MF"source/semihost_hardfault.d" -MT"source/semihost_hardfault.o" -MT"source/semihost_hardfault.d" -o "source/semihost_hardfault.o" "../source/semihost_hardfault.c"
Building file: ../drivers/fsl_clock.c
Building file: ../drivers/fsl_common.c
Building file: ../drivers/fsl_flash.c
Building file: ../drivers/fsl_gpio.c
Invoking: MCU C Compiler
Building file: ../drivers/fsl_lpsci.c
Invoking: MCU C Compiler
arm-none-eabi-gcc -DCPU_MKL25Z128VLK4 -DCPU_MKL25Z128VLK4_cm0plus -DSDK_OS_BAREMETAL -DFSL_RTOS_BM -DSDK_DEBUGCONSOLE=1 -DCR_INTEGER_PRINTF -DPRINTF_FLOAT_ENABLE=0 -D__MCUXPRESSO -D__USE_CMSIS -DDEBUG -D__REDLIB__ -I"/home/sesgaro/Documents/MCUXpresso_25.6.136/workspace/MKL25Z4_TX/board" -I"/home/sesgaro/Documents/MCUXpresso_25.6.136/workspace/MKL25Z4_TX/source" -I"/home/sesgaro/Documents/MCUXpresso_25.6.136/workspace/MKL25Z4_TX" -I"/home/sesgaro/Documents/MCUXpresso_25.6.136/workspace/MKL25Z4_TX/drivers" -I"/home/sesgaro/Documents/MCUXpresso_25.6.136/workspace/MKL25Z4_TX/startup" -I"/home/sesgaro/Documents/MCUXpresso_25.6.136/workspace/MKL25Z4_TX/utilities" -I"/home/sesgaro/Documents/MCUXpresso_25.6.136/workspace/MKL25Z4_TX/CMSIS" -O0 -fno-common -g3 -gdwarf-4 -Wall -c -fmessage-length=0 -fno-builtin -ffunction-sections -fdata-sections -fmerge-constants -fmacro-prefix-map="../drivers/"= -mcpu=cortex-m0plus -mthumb -D__REDLIB__ -fstack-usage -specs=redlib.specs -MMD -MP -MF"drivers/fsl_clock.d" -MT"drivers/fsl_clock.o" -MT"drivers/fsl_clock.d" -o "drivers/fsl_clock.o" "../drivers/fsl_clock.c"
arm-none-eabi-gcc -DCPU_MKL25Z128VLK4 -DCPU_MKL25Z128VLK4_cm0plus -DSDK_OS_BAREMETAL -DFSL_RTOS_BM -DSDK_DEBUGCONSOLE=1 -DCR_INTEGER_PRINTF -DPRINTF_FLOAT_ENABLE=0 -D__MCUXPRESSO -D__USE_CMSIS -DDEBUG -D__REDLIB__ -I"/home/sesgaro/Documents/MCUXpresso_25.6.136/workspace/MKL25Z4_TX/board" -I"/home/sesgaro/Documents/MCUXpresso_25.6.136/workspace/MKL25Z4_TX/source" -I"/home/sesgaro/Documents/MCUXpresso_25.6.136/workspace/MKL25Z4_TX" -I"/home/sesgaro/Documents/MCUXpresso_25.6.136/workspace/MKL25Z4_TX/drivers" -I"/home/sesgaro/Documents/MCUXpresso_25.6.136/workspace/MKL25Z4_TX/startup" -I"/home/sesgaro/Documents/MCUXpresso_25.6.136/workspace/MKL25Z4_TX/utilities" -I"/home/sesgaro/Documents/MCUXpresso_25.6.136/workspace/MKL25Z4_TX/CMSIS" -O0 -fno-common -g3 -gdwarf-4 -Wall -c -fmessage-length=0 -fno-builtin -ffunction-sections -fdata-sections -fmerge-constants -fmacro-prefix-map="../drivers/"= -mcpu=cortex-m0plus -mthumb -D__REDLIB__ -fstack-usage -specs=redlib.specs -MMD -MP -MF"drivers/fsl_common.d" -MT"drivers/fsl_common.o" -MT"drivers/fsl_common.d" -o "drivers/fsl_common.o" "../drivers/fsl_common.c"
Invoking: MCU C Compiler
Invoking: MCU C Compiler
arm-none-eabi-gcc -DCPU_MKL25Z128VLK4 -DCPU_MKL25Z128VLK4_cm0plus -DSDK_OS_BAREMETAL -DFSL_RTOS_BM -DSDK_DEBUGCONSOLE=1 -DCR_INTEGER_PRINTF -DPRINTF_FLOAT_ENABLE=0 -D__MCUXPRESSO -D__USE_CMSIS -DDEBUG -D__REDLIB__ -I"/home/sesgaro/Documents/MCUXpresso_25.6.136/workspace/MKL25Z4_TX/board" -I"/home/sesgaro/Documents/MCUXpresso_25.6.136/workspace/MKL25Z4_TX/source" -I"/home/sesgaro/Documents/MCUXpresso_25.6.136/workspace/MKL25Z4_TX" -I"/home/sesgaro/Documents/MCUXpresso_25.6.136/workspace/MKL25Z4_TX/drivers" -I"/home/sesgaro/Documents/MCUXpresso_25.6.136/workspace/MKL25Z4_TX/startup" -I"/home/sesgaro/Documents/MCUXpresso_25.6.136/workspace/MKL25Z4_TX/utilities" -I"/home/sesgaro/Documents/MCUXpresso_25.6.136/workspace/MKL25Z4_TX/CMSIS" -O0 -fno-common -g3 -gdwarf-4 -Wall -c -fmessage-length=0 -fno-builtin -ffunction-sections -fdata-sections -fmerge-constants -fmacro-prefix-map="../drivers/"= -mcpu=cortex-m0plus -mthumb -D__REDLIB__ -fstack-usage -specs=redlib.specs -MMD -MP -MF"drivers/fsl_flash.d" -MT"drivers/fsl_flash.o" -MT"drivers/fsl_flash.d" -o "drivers/fsl_flash.o" "../drivers/fsl_flash.c"
arm-none-eabi-gcc -DCPU_MKL25Z128VLK4 -DCPU_MKL25Z128VLK4_cm0plus -DSDK_OS_BAREMETAL -DFSL_RTOS_BM -DSDK_DEBUGCONSOLE=1 -DCR_INTEGER_PRINTF -DPRINTF_FLOAT_ENABLE=0 -D__MCUXPRESSO -D__USE_CMSIS -DDEBUG -D__REDLIB__ -I"/home/sesgaro/Documents/MCUXpresso_25.6.136/workspace/MKL25Z4_TX/board" -I"/home/sesgaro/Documents/MCUXpresso_25.6.136/workspace/MKL25Z4_TX/source" -I"/home/sesgaro/Documents/MCUXpresso_25.6.136/workspace/MKL25Z4_TX" -I"/home/sesgaro/Documents/MCUXpresso_25.6.136/workspace/MKL25Z4_TX/drivers" -I"/home/sesgaro/Documents/MCUXpresso_25.6.136/workspace/MKL25Z4_TX/startup" -I"/home/sesgaro/Documents/MCUXpresso_25.6.136/workspace/MKL25Z4_TX/utilities" -I"/home/sesgaro/Documents/MCUXpresso_25.6.136/workspace/MKL25Z4_TX/CMSIS" -O0 -fno-common -g3 -gdwarf-4 -Wall -c -fmessage-length=0 -fno-builtin -ffunction-sections -fdata-sections -fmerge-constants -fmacro-prefix-map="../drivers/"= -mcpu=cortex-m0plus -mthumb -D__REDLIB__ -fstack-usage -specs=redlib.specs -MMD -MP -MF"drivers/fsl_gpio.d" -MT"drivers/fsl_gpio.o" -MT"drivers/fsl_gpio.d" -o "drivers/fsl_gpio.o" "../drivers/fsl_gpio.c"
Invoking: MCU C Compiler
arm-none-eabi-gcc -DCPU_MKL25Z128VLK4 -DCPU_MKL25Z128VLK4_cm0plus -DSDK_OS_BAREMETAL -DFSL_RTOS_BM -DSDK_DEBUGCONSOLE=1 -DCR_INTEGER_PRINTF -DPRINTF_FLOAT_ENABLE=0 -D__MCUXPRESSO -D__USE_CMSIS -DDEBUG -D__REDLIB__ -I"/home/sesgaro/Documents/MCUXpresso_25.6.136/workspace/MKL25Z4_TX/board" -I"/home/sesgaro/Documents/MCUXpresso_25.6.136/workspace/MKL25Z4_TX/source" -I"/home/sesgaro/Documents/MCUXpresso_25.6.136/workspace/MKL25Z4_TX" -I"/home/sesgaro/Documents/MCUXpresso_25.6.136/workspace/MKL25Z4_TX/drivers" -I"/home/sesgaro/Documents/MCUXpresso_25.6.136/workspace/MKL25Z4_TX/startup" -I"/home/sesgaro/Documents/MCUXpresso_25.6.136/workspace/MKL25Z4_TX/utilities" -I"/home/sesgaro/Documents/MCUXpresso_25.6.136/workspace/MKL25Z4_TX/CMSIS" -O0 -fno-common -g3 -gdwarf-4 -Wall -c -fmessage-length=0 -fno-builtin -ffunction-sections -fdata-sections -fmerge-constants -fmacro-prefix-map="../drivers/"= -mcpu=cortex-m0plus -mthumb -D__REDLIB__ -fstack-usage -specs=redlib.specs -MMD -MP -MF"drivers/fsl_lpsci.d" -MT"drivers/fsl_lpsci.o" -MT"drivers/fsl_lpsci.d" -o "drivers/fsl_lpsci.o" "../drivers/fsl_lpsci.c"
Building file: ../drivers/fsl_smc.c
Invoking: MCU C Compiler
Building file: ../drivers/fsl_uart.c
arm-none-eabi-gcc -DCPU_MKL25Z128VLK4 -DCPU_MKL25Z128VLK4_cm0plus -DSDK_OS_BAREMETAL -DFSL_RTOS_BM -DSDK_DEBUGCONSOLE=1 -DCR_INTEGER_PRINTF -DPRINTF_FLOAT_ENABLE=0 -D__MCUXPRESSO -D__USE_CMSIS -DDEBUG -D__REDLIB__ -I"/home/sesgaro/Documents/MCUXpresso_25.6.136/workspace/MKL25Z4_TX/board" -I"/home/sesgaro/Documents/MCUXpresso_25.6.136/workspace/MKL25Z4_TX/source" -I"/home/sesgaro/Documents/MCUXpresso_25.6.136/workspace/MKL25Z4_TX" -I"/home/sesgaro/Documents/MCUXpresso_25.6.136/workspace/MKL25Z4_TX/drivers" -I"/home/sesgaro/Documents/MCUXpresso_25.6.136/workspace/MKL25Z4_TX/startup" -I"/home/sesgaro/Documents/MCUXpresso_25.6.136/workspace/MKL25Z4_TX/utilities" -I"/home/sesgaro/Documents/MCUXpresso_25.6.136/workspace/MKL25Z4_TX/CMSIS" -O0 -fno-common -g3 -gdwarf-4 -Wall -c -fmessage-length=0 -fno-builtin -ffunction-sections -fdata-sections -fmerge-constants -fmacro-prefix-map="../drivers/"= -mcpu=cortex-m0plus -mthumb -D__REDLIB__ -fstack-usage -specs=redlib.specs -MMD -MP -MF"drivers/fsl_smc.d" -MT"drivers/fsl_smc.o" -MT"drivers/fsl_smc.d" -o "drivers/fsl_smc.o" "../drivers/fsl_smc.c"
Building file: ../board/board.c
Invoking: MCU C Compiler
arm-none-eabi-gcc -DCPU_MKL25Z128VLK4 -DCPU_MKL25Z128VLK4_cm0plus -DSDK_OS_BAREMETAL -DFSL_RTOS_BM -DSDK_DEBUGCONSOLE=1 -DCR_INTEGER_PRINTF -DPRINTF_FLOAT_ENABLE=0 -D__MCUXPRESSO -D__USE_CMSIS -DDEBUG -D__REDLIB__ -I"/home/sesgaro/Documents/MCUXpresso_25.6.136/workspace/MKL25Z4_TX/board" -I"/home/sesgaro/Documents/MCUXpresso_25.6.136/workspace/MKL25Z4_TX/source" -I"/home/sesgaro/Documents/MCUXpresso_25.6.136/workspace/MKL25Z4_TX" -I"/home/sesgaro/Documents/MCUXpresso_25.6.136/workspace/MKL25Z4_TX/drivers" -I"/home/sesgaro/Documents/MCUXpresso_25.6.136/workspace/MKL25Z4_TX/startup" -I"/home/sesgaro/Documents/MCUXpresso_25.6.136/workspace/MKL25Z4_TX/utilities" -I"/home/sesgaro/Documents/MCUXpresso_25.6.136/workspace/MKL25Z4_TX/CMSIS" -O0 -fno-common -g3 -gdwarf-4 -Wall -c -fmessage-length=0 -fno-builtin -ffunction-sections -fdata-sections -fmerge-constants -fmacro-prefix-map="../drivers/"= -mcpu=cortex-m0plus -mthumb -D__REDLIB__ -fstack-usage -specs=redlib.specs -MMD -MP -MF"drivers/fsl_uart.d" -MT"drivers/fsl_uart.o" -MT"drivers/fsl_uart.d" -o "drivers/fsl_uart.o" "../drivers/fsl_uart.c"
Invoking: MCU C Compiler
arm-none-eabi-gcc -DCPU_MKL25Z128VLK4 -DCPU_MKL25Z128VLK4_cm0plus -DSDK_OS_BAREMETAL -DFSL_RTOS_BM -DSDK_DEBUGCONSOLE=1 -DCR_INTEGER_PRINTF -DPRINTF_FLOAT_ENABLE=0 -D__MCUXPRESSO -D__USE_CMSIS -DDEBUG -D__REDLIB__ -I"/home/sesgaro/Documents/MCUXpresso_25.6.136/workspace/MKL25Z4_TX/board" -I"/home/sesgaro/Documents/MCUXpresso_25.6.136/workspace/MKL25Z4_TX/source" -I"/home/sesgaro/Documents/MCUXpresso_25.6.136/workspace/MKL25Z4_TX" -I"/home/sesgaro/Documents/MCUXpresso_25.6.136/workspace/MKL25Z4_TX/drivers" -I"/home/sesgaro/Documents/MCUXpresso_25.6.136/workspace/MKL25Z4_TX/startup" -I"/home/sesgaro/Documents/MCUXpresso_25.6.136/workspace/MKL25Z4_TX/utilities" -I"/home/sesgaro/Documents/MCUXpresso_25.6.136/workspace/MKL25Z4_TX/CMSIS" -O0 -fno-common -g3 -gdwarf-4 -Wall -c -fmessage-length=0 -fno-builtin -ffunction-sections -fdata-sections -fmerge-constants -fmacro-prefix-map="../board/"= -mcpu=cortex-m0plus -mthumb -D__REDLIB__ -fstack-usage -specs=redlib.specs -MMD -MP -MF"board/board.d" -MT"board/board.o" -MT"board/board.d" -o "board/board.o" "../board/board.c"
Building file: ../board/clock_config.c
Building file: ../board/peripherals.c
Invoking: MCU C Compiler
Building file: ../board/pin_mux.c
arm-none-eabi-gcc -DCPU_MKL25Z128VLK4 -DCPU_MKL25Z128VLK4_cm0plus -DSDK_OS_BAREMETAL -DFSL_RTOS_BM -DSDK_DEBUGCONSOLE=1 -DCR_INTEGER_PRINTF -DPRINTF_FLOAT_ENABLE=0 -D__MCUXPRESSO -D__USE_CMSIS -DDEBUG -D__REDLIB__ -I"/home/sesgaro/Documents/MCUXpresso_25.6.136/workspace/MKL25Z4_TX/board" -I"/home/sesgaro/Documents/MCUXpresso_25.6.136/workspace/MKL25Z4_TX/source" -I"/home/sesgaro/Documents/MCUXpresso_25.6.136/workspace/MKL25Z4_TX" -I"/home/sesgaro/Documents/MCUXpresso_25.6.136/workspace/MKL25Z4_TX/drivers" -I"/home/sesgaro/Documents/MCUXpresso_25.6.136/workspace/MKL25Z4_TX/startup" -I"/home/sesgaro/Documents/MCUXpresso_25.6.136/workspace/MKL25Z4_TX/utilities" -I"/home/sesgaro/Documents/MCUXpresso_25.6.136/workspace/MKL25Z4_TX/CMSIS" -O0 -fno-common -g3 -gdwarf-4 -Wall -c -fmessage-length=0 -fno-builtin -ffunction-sections -fdata-sections -fmerge-constants -fmacro-prefix-map="../board/"= -mcpu=cortex-m0plus -mthumb -D__REDLIB__ -fstack-usage -specs=redlib.specs -MMD -MP -MF"board/clock_config.d" -MT"board/clock_config.o" -MT"board/clock_config.d" -o "board/clock_config.o" "../board/clock_config.c"
Invoking: MCU C Compiler
Invoking: MCU C Compiler
arm-none-eabi-gcc -DCPU_MKL25Z128VLK4 -DCPU_MKL25Z128VLK4_cm0plus -DSDK_OS_BAREMETAL -DFSL_RTOS_BM -DSDK_DEBUGCONSOLE=1 -DCR_INTEGER_PRINTF -DPRINTF_FLOAT_ENABLE=0 -D__MCUXPRESSO -D__USE_CMSIS -DDEBUG -D__REDLIB__ -I"/home/sesgaro/Documents/MCUXpresso_25.6.136/workspace/MKL25Z4_TX/board" -I"/home/sesgaro/Documents/MCUXpresso_25.6.136/workspace/MKL25Z4_TX/source" -I"/home/sesgaro/Documents/MCUXpresso_25.6.136/workspace/MKL25Z4_TX" -I"/home/sesgaro/Documents/MCUXpresso_25.6.136/workspace/MKL25Z4_TX/drivers" -I"/home/sesgaro/Documents/MCUXpresso_25.6.136/workspace/MKL25Z4_TX/startup" -I"/home/sesgaro/Documents/MCUXpresso_25.6.136/workspace/MKL25Z4_TX/utilities" -I"/home/sesgaro/Documents/MCUXpresso_25.6.136/workspace/MKL25Z4_TX/CMSIS" -O0 -fno-common -g3 -gdwarf-4 -Wall -c -fmessage-length=0 -fno-builtin -ffunction-sections -fdata-sections -fmerge-constants -fmacro-prefix-map="../board/"= -mcpu=cortex-m0plus -mthumb -D__REDLIB__ -fstack-usage -specs=redlib.specs -MMD -MP -MF"board/pin_mux.d" -MT"board/pin_mux.o" -MT"board/pin_mux.d" -o "board/pin_mux.o" "../board/pin_mux.c"
arm-none-eabi-gcc -DCPU_MKL25Z128VLK4 -DCPU_MKL25Z128VLK4_cm0plus -DSDK_OS_BAREMETAL -DFSL_RTOS_BM -DSDK_DEBUGCONSOLE=1 -DCR_INTEGER_PRINTF -DPRINTF_FLOAT_ENABLE=0 -D__MCUXPRESSO -D__USE_CMSIS -DDEBUG -D__REDLIB__ -I"/home/sesgaro/Documents/MCUXpresso_25.6.136/workspace/MKL25Z4_TX/board" -I"/home/sesgaro/Documents/MCUXpresso_25.6.136/workspace/MKL25Z4_TX/source" -I"/home/sesgaro/Documents/MCUXpresso_25.6.136/workspace/MKL25Z4_TX" -I"/home/sesgaro/Documents/MCUXpresso_25.6.136/workspace/MKL25Z4_TX/drivers" -I"/home/sesgaro/Documents/MCUXpresso_25.6.136/workspace/MKL25Z4_TX/startup" -I"/home/sesgaro/Documents/MCUXpresso_25.6.136/workspace/MKL25Z4_TX/utilities" -I"/home/sesgaro/Documents/MCUXpresso_25.6.136/workspace/MKL25Z4_TX/CMSIS" -O0 -fno-common -g3 -gdwarf-4 -Wall -c -fmessage-length=0 -fno-builtin -ffunction-sections -fdata-sections -fmerge-constants -fmacro-prefix-map="../board/"= -mcpu=cortex-m0plus -mthumb -D__REDLIB__ -fstack-usage -specs=redlib.specs -MMD -MP -MF"board/peripherals.d" -MT"board/peripherals.o" -MT"board/peripherals.d" -o "board/peripherals.o" "../board/peripherals.c"
Finished building: ../source/mtb.c
 
Building file: ../CMSIS/system_MKL25Z4.c
Invoking: MCU C Compiler
arm-none-eabi-gcc -DCPU_MKL25Z128VLK4 -DCPU_MKL25Z128VLK4_cm0plus -DSDK_OS_BAREMETAL -DFSL_RTOS_BM -DSDK_DEBUGCONSOLE=1 -DCR_INTEGER_PRINTF -DPRINTF_FLOAT_ENABLE=0 -D__MCUXPRESSO -D__USE_CMSIS -DDEBUG -D__REDLIB__ -I"/home/sesgaro/Documents/MCUXpresso_25.6.136/workspace/MKL25Z4_TX/board" -I"/home/sesgaro/Documents/MCUXpresso_25.6.136/workspace/MKL25Z4_TX/source" -I"/home/sesgaro/Documents/MCUXpresso_25.6.136/workspace/MKL25Z4_TX" -I"/home/sesgaro/Documents/MCUXpresso_25.6.136/workspace/MKL25Z4_TX/drivers" -I"/home/sesgaro/Documents/MCUXpresso_25.6.136/workspace/MKL25Z4_TX/startup" -I"/home/sesgaro/Documents/MCUXpresso_25.6.136/workspace/MKL25Z4_TX/utilities" -I"/home/sesgaro/Documents/MCUXpresso_25.6.136/workspace/MKL25Z4_TX/CMSIS" -O0 -fno-common -g3 -gdwarf-4 -Wall -c -fmessage-length=0 -fno-builtin -ffunction-sections -fdata-sections -fmerge-constants -fmacro-prefix-map="../CMSIS/"= -mcpu=cortex-m0plus -mthumb -D__REDLIB__ -fstack-usage -specs=redlib.specs -MMD -MP -MF"CMSIS/system_MKL25Z4.d" -MT"CMSIS/system_MKL25Z4.o" -MT"CMSIS/system_MKL25Z4.d" -o "CMSIS/system_MKL25Z4.o" "../CMSIS/system_MKL25Z4.c"
Finished building: ../source/semihost_hardfault.c
 
../utilities/fsl_debug_console.c: In function 'DbgConsole_Getchar':
../utilities/fsl_debug_console.c:482:31: warning: 'ch' may be used uninitialized [-Wmaybe-uninitialized]
  482 |     while (kStatus_Success != s_debugConsole.ops.rx_union.GetChar(s_debugConsole.base, (uint8_t *)(&ch), 1))
      |                               ^~~~~~~~~~~~~~~~~~~~~~~~~~~~~~~~~~~~~~~~~~~~~~~~~~~~~~~~~~~~~~~~~~~~~~~~~~~~~
../utilities/fsl_debug_console.c:482:31: note: by argument 2 of type 'const uint8_t *' {aka 'const unsigned char *'} to 'status_t(void *, const uint8_t *, size_t)' {aka 'int(void *, const unsigned char *, unsigned int)'}
../utilities/fsl_debug_console.c:476:10: note: 'ch' declared here
  476 |     char ch;
      |          ^~
Finished building: ../board/peripherals.c
 
Finished building: ../startup/startup_mkl25z4.c
Finished building: ../source/MKL25Z4_TX.c
 
 
Finished building: ../board/board.c
 
Finished building: ../drivers/fsl_gpio.c
 
Finished building: ../drivers/fsl_common.c
 
Finished building: ../board/pin_mux.c
 
Finished building: ../CMSIS/system_MKL25Z4.c
Finished building: ../drivers/fsl_smc.c
 
 
Finished building: ../board/clock_config.c
 
Finished building: ../utilities/fsl_debug_console.c
 
Finished building: ../drivers/fsl_flash.c
 
Finished building: ../drivers/fsl_lpsci.c
 
Finished building: ../drivers/fsl_uart.c
 
Finished building: ../drivers/fsl_clock.c
 
Building target: MKL25Z4_TX.axf
Invoking: MCU Linker
Template not found for name memory.ldt.
The name was interpreted by this TemplateLoader: com.crt.advproject.linkertemplate.FMLinkerFileTemplateLoader@3cd5f4fa.
make[1]: *** [makefile:49: MKL25Z4_TX.axf] Error 1
make: *** [makefile:40: all] Error 2
"make -r -j16 all" terminated with exit code 2. Build might be incomplete.
18:37:58 **** Build of configuration Debug for project MKL25Z4_TX ****
make -r -j16 all 
Building file: ../source/MKL25Z4_TX.c
Invoking: MCU C Compiler
arm-none-eabi-gcc -DCPU_MKL25Z128VLK4 -DCPU_MKL25Z128VLK4_cm0plus -DSDK_OS_BAREMETAL -DFSL_RTOS_BM -DSDK_DEBUGCONSOLE=1 -DCR_INTEGER_PRINTF -DPRINTF_FLOAT_ENABLE=0 -D__MCUXPRESSO -D__USE_CMSIS -DDEBUG -D__REDLIB__ -I"/home/sesgaro/Documents/MCUXpresso_25.6.136/workspace/MKL25Z4_TX/board" -I"/home/sesgaro/Documents/MCUXpresso_25.6.136/workspace/MKL25Z4_TX/source" -I"/home/sesgaro/Documents/MCUXpresso_25.6.136/workspace/MKL25Z4_TX" -I"/home/sesgaro/Documents/MCUXpresso_25.6.136/workspace/MKL25Z4_TX/drivers" -I"/home/sesgaro/Documents/MCUXpresso_25.6.136/workspace/MKL25Z4_TX/startup" -I"/home/sesgaro/Documents/MCUXpresso_25.6.136/workspace/MKL25Z4_TX/utilities" -I"/home/sesgaro/Documents/MCUXpresso_25.6.136/workspace/MKL25Z4_TX/CMSIS" -O0 -fno-common -g3 -gdwarf-4 -Wall -c -fmessage-length=0 -fno-builtin -ffunction-sections -fdata-sections -fmerge-constants -fmacro-prefix-map="../source/"= -mcpu=cortex-m0plus -mthumb -D__REDLIB__ -fstack-usage -specs=redlib.specs -MMD -MP -MF"source/MKL25Z4_TX.d" -MT"source/MKL25Z4_TX.o" -MT"source/MKL25Z4_TX.d" -o "source/MKL25Z4_TX.o" "../source/MKL25Z4_TX.c"
Finished building: ../source/MKL25Z4_TX.c
 
Building target: MKL25Z4_TX.axf
Invoking: MCU Linker
Template not found for name memory.ldt.
The name was interpreted by this TemplateLoader: com.crt.advproject.linkertemplate.FMLinkerFileTemplateLoader@3cd5f4fa.
make[1]: *** [makefile:49: MKL25Z4_TX.axf] Error 1
make: *** [makefile:40: all] Error 2
"make -r -j16 all" terminated with exit code 2. Build might be incomplete.
18:50:11 **** Incremental Build of configuration Debug for project MKL25Z4_TX ****
make -r -j16 all 
Building target: MKL25Z4_TX.axf
Invoking: MCU Linker
arm-none-eabi-gcc -nostdlib -Xlinker -Map="MKL25Z4_TX.map" -Xlinker --gc-sections -Xlinker -print-memory-usage -Xlinker --sort-section=alignment -Xlinker --cref -mcpu=cortex-m0plus -mthumb -T MKL25Z4_TX_Debug.ld -o "MKL25Z4_TX.axf" ./utilities/fsl_debug_console.o  ./startup/startup_mkl25z4.o  ./source/MKL25Z4_TX.o ./source/mtb.o ./source/semihost_hardfault.o  ./drivers/fsl_clock.o ./drivers/fsl_common.o ./drivers/fsl_flash.o ./drivers/fsl_gpio.o ./drivers/fsl_lpsci.o ./drivers/fsl_smc.o ./drivers/fsl_uart.o  ./board/board.o ./board/clock_config.o ./board/peripherals.o ./board/pin_mux.o  ./CMSIS/system_MKL25Z4.o   
Memory region         Used Size  Region Size  %age Used
   PROGRAM_FLASH:        2900 B       128 KB      2.21%
            SRAM:        2384 B        16 KB     14.55%
Finished building target: MKL25Z4_TX.axf
 
Performing post-build steps
arm-none-eabi-size "MKL25Z4_TX.axf"; # arm-none-eabi-objcopy -v -O binary "MKL25Z4_TX.axf" "MKL25Z4_TX.bin" ; # checksum -p MKL25Z128xxx4 -d "MKL25Z4_TX.bin";
   text	   data	    bss	    dec	    hex	filename
   2900	      0	   2384	   5284	   14a4	MKL25Z4_TX.axf
 
18:51:39 **** Build of configuration Debug for project MKL25Z4_TX ****
make -r -j16 all 
make[1]: Nothing to be done for 'main-build'.
Performing post-build steps
arm-none-eabi-size "MKL25Z4_TX.axf"; # arm-none-eabi-objcopy -v -O binary "MKL25Z4_TX.axf" "MKL25Z4_TX.bin" ; # checksum -p MKL25Z128xxx4 -d "MKL25Z4_TX.bin";
   text	   data	    bss	    dec	    hex	filename
   2900	      0	   2384	   5284	   14a4	MKL25Z4_TX.axf
 
18:55:11 **** Build of configuration Debug for project MKL25Z4_TX ****
make -r -j16 all 
Building file: ../source/MKL25Z4_TX.c
Invoking: MCU C Compiler
arm-none-eabi-gcc -DCPU_MKL25Z128VLK4 -DCPU_MKL25Z128VLK4_cm0plus -DSDK_OS_BAREMETAL -DFSL_RTOS_BM -DSDK_DEBUGCONSOLE=1 -DCR_INTEGER_PRINTF -DPRINTF_FLOAT_ENABLE=0 -D__MCUXPRESSO -D__USE_CMSIS -DDEBUG -D__REDLIB__ -I"/home/sesgaro/Documents/MCUXpresso_25.6.136/workspace/MKL25Z4_TX/board" -I"/home/sesgaro/Documents/MCUXpresso_25.6.136/workspace/MKL25Z4_TX/source" -I"/home/sesgaro/Documents/MCUXpresso_25.6.136/workspace/MKL25Z4_TX" -I"/home/sesgaro/Documents/MCUXpresso_25.6.136/workspace/MKL25Z4_TX/drivers" -I"/home/sesgaro/Documents/MCUXpresso_25.6.136/workspace/MKL25Z4_TX/startup" -I"/home/sesgaro/Documents/MCUXpresso_25.6.136/workspace/MKL25Z4_TX/utilities" -I"/home/sesgaro/Documents/MCUXpresso_25.6.136/workspace/MKL25Z4_TX/CMSIS" -O0 -fno-common -g3 -gdwarf-4 -Wall -c -fmessage-length=0 -fno-builtin -ffunction-sections -fdata-sections -fmerge-constants -fmacro-prefix-map="../source/"= -mcpu=cortex-m0plus -mthumb -D__REDLIB__ -fstack-usage -specs=redlib.specs -MMD -MP -MF"source/MKL25Z4_TX.d" -MT"source/MKL25Z4_TX.o" -MT"source/MKL25Z4_TX.d" -o "source/MKL25Z4_TX.o" "../source/MKL25Z4_TX.c"
Finished building: ../source/MKL25Z4_TX.c
 
Building target: MKL25Z4_TX.axf
Invoking: MCU Linker
arm-none-eabi-gcc -nostdlib -Xlinker -Map="MKL25Z4_TX.map" -Xlinker --gc-sections -Xlinker -print-memory-usage -Xlinker --sort-section=alignment -Xlinker --cref -mcpu=cortex-m0plus -mthumb -T MKL25Z4_TX_Debug.ld -o "MKL25Z4_TX.axf" ./utilities/fsl_debug_console.o  ./startup/startup_mkl25z4.o  ./source/MKL25Z4_TX.o ./source/mtb.o ./source/semihost_hardfault.o  ./drivers/fsl_clock.o ./drivers/fsl_common.o ./drivers/fsl_flash.o ./drivers/fsl_gpio.o ./drivers/fsl_lpsci.o ./drivers/fsl_smc.o ./drivers/fsl_uart.o  ./board/board.o ./board/clock_config.o ./board/peripherals.o ./board/pin_mux.o  ./CMSIS/system_MKL25Z4.o   
Memory region         Used Size  Region Size  %age Used
   PROGRAM_FLASH:        2900 B       128 KB      2.21%
            SRAM:        2384 B        16 KB     14.55%
Finished building target: MKL25Z4_TX.axf
 
Performing post-build steps
arm-none-eabi-size "MKL25Z4_TX.axf"; # arm-none-eabi-objcopy -v -O binary "MKL25Z4_TX.axf" "MKL25Z4_TX.bin" ; # checksum -p MKL25Z128xxx4 -d "MKL25Z4_TX.bin";
   text	   data	    bss	    dec	    hex	filename
   2900	      0	   2384	   5284	   14a4	MKL25Z4_TX.axf
 
18:58:34 **** Build of configuration Debug for project MKL25Z4_TX ****
make -r -j16 all 
Building file: ../source/MKL25Z4_TX.c
Invoking: MCU C Compiler
arm-none-eabi-gcc -DCPU_MKL25Z128VLK4 -DCPU_MKL25Z128VLK4_cm0plus -DSDK_OS_BAREMETAL -DFSL_RTOS_BM -DSDK_DEBUGCONSOLE=1 -DCR_INTEGER_PRINTF -DPRINTF_FLOAT_ENABLE=0 -D__MCUXPRESSO -D__USE_CMSIS -DDEBUG -D__REDLIB__ -I"/home/sesgaro/Documents/MCUXpresso_25.6.136/workspace/MKL25Z4_TX/board" -I"/home/sesgaro/Documents/MCUXpresso_25.6.136/workspace/MKL25Z4_TX/source" -I"/home/sesgaro/Documents/MCUXpresso_25.6.136/workspace/MKL25Z4_TX" -I"/home/sesgaro/Documents/MCUXpresso_25.6.136/workspace/MKL25Z4_TX/drivers" -I"/home/sesgaro/Documents/MCUXpresso_25.6.136/workspace/MKL25Z4_TX/startup" -I"/home/sesgaro/Documents/MCUXpresso_25.6.136/workspace/MKL25Z4_TX/utilities" -I"/home/sesgaro/Documents/MCUXpresso_25.6.136/workspace/MKL25Z4_TX/CMSIS" -O0 -fno-common -g3 -gdwarf-4 -Wall -c -fmessage-length=0 -fno-builtin -ffunction-sections -fdata-sections -fmerge-constants -fmacro-prefix-map="../source/"= -mcpu=cortex-m0plus -mthumb -D__REDLIB__ -fstack-usage -specs=redlib.specs -MMD -MP -MF"source/MKL25Z4_TX.d" -MT"source/MKL25Z4_TX.o" -MT"source/MKL25Z4_TX.d" -o "source/MKL25Z4_TX.o" "../source/MKL25Z4_TX.c"
Finished building: ../source/MKL25Z4_TX.c
 
Building target: MKL25Z4_TX.axf
Invoking: MCU Linker
arm-none-eabi-gcc -nostdlib -Xlinker -Map="MKL25Z4_TX.map" -Xlinker --gc-sections -Xlinker -print-memory-usage -Xlinker --sort-section=alignment -Xlinker --cref -mcpu=cortex-m0plus -mthumb -T MKL25Z4_TX_Debug.ld -o "MKL25Z4_TX.axf" ./utilities/fsl_debug_console.o  ./startup/startup_mkl25z4.o  ./source/MKL25Z4_TX.o ./source/mtb.o ./source/semihost_hardfault.o  ./drivers/fsl_clock.o ./drivers/fsl_common.o ./drivers/fsl_flash.o ./drivers/fsl_gpio.o ./drivers/fsl_lpsci.o ./drivers/fsl_smc.o ./drivers/fsl_uart.o  ./board/board.o ./board/clock_config.o ./board/peripherals.o ./board/pin_mux.o  ./CMSIS/system_MKL25Z4.o   
Memory region         Used Size  Region Size  %age Used
   PROGRAM_FLASH:        2900 B       128 KB      2.21%
            SRAM:        2384 B        16 KB     14.55%
Finished building target: MKL25Z4_TX.axf
 
Performing post-build steps
arm-none-eabi-size "MKL25Z4_TX.axf"; # arm-none-eabi-objcopy -v -O binary "MKL25Z4_TX.axf" "MKL25Z4_TX.bin" ; # checksum -p MKL25Z128xxx4 -d "MKL25Z4_TX.bin";
   text	   data	    bss	    dec	    hex	filename
   2900	      0	   2384	   5284	   14a4	MKL25Z4_TX.axf
 
19:02:24 **** Build of configuration Debug for project MKL25Z4_TX ****
make -r -j16 all 
Building file: ../source/MKL25Z4_TX.c
Invoking: MCU C Compiler
arm-none-eabi-gcc -DCPU_MKL25Z128VLK4 -DCPU_MKL25Z128VLK4_cm0plus -DSDK_OS_BAREMETAL -DFSL_RTOS_BM -DSDK_DEBUGCONSOLE=1 -DCR_INTEGER_PRINTF -DPRINTF_FLOAT_ENABLE=0 -D__MCUXPRESSO -D__USE_CMSIS -DDEBUG -D__REDLIB__ -I"/home/sesgaro/Documents/MCUXpresso_25.6.136/workspace/MKL25Z4_TX/board" -I"/home/sesgaro/Documents/MCUXpresso_25.6.136/workspace/MKL25Z4_TX/source" -I"/home/sesgaro/Documents/MCUXpresso_25.6.136/workspace/MKL25Z4_TX" -I"/home/sesgaro/Documents/MCUXpresso_25.6.136/workspace/MKL25Z4_TX/drivers" -I"/home/sesgaro/Documents/MCUXpresso_25.6.136/workspace/MKL25Z4_TX/startup" -I"/home/sesgaro/Documents/MCUXpresso_25.6.136/workspace/MKL25Z4_TX/utilities" -I"/home/sesgaro/Documents/MCUXpresso_25.6.136/workspace/MKL25Z4_TX/CMSIS" -O0 -fno-common -g3 -gdwarf-4 -Wall -c -fmessage-length=0 -fno-builtin -ffunction-sections -fdata-sections -fmerge-constants -fmacro-prefix-map="../source/"= -mcpu=cortex-m0plus -mthumb -D__REDLIB__ -fstack-usage -specs=redlib.specs -MMD -MP -MF"source/MKL25Z4_TX.d" -MT"source/MKL25Z4_TX.o" -MT"source/MKL25Z4_TX.d" -o "source/MKL25Z4_TX.o" "../source/MKL25Z4_TX.c"
Finished building: ../source/MKL25Z4_TX.c
 
Building target: MKL25Z4_TX.axf
Invoking: MCU Linker
arm-none-eabi-gcc -nostdlib -Xlinker -Map="MKL25Z4_TX.map" -Xlinker --gc-sections -Xlinker -print-memory-usage -Xlinker --sort-section=alignment -Xlinker --cref -mcpu=cortex-m0plus -mthumb -T MKL25Z4_TX_Debug.ld -o "MKL25Z4_TX.axf" ./utilities/fsl_debug_console.o  ./startup/startup_mkl25z4.o  ./source/MKL25Z4_TX.o ./source/mtb.o ./source/semihost_hardfault.o  ./drivers/fsl_clock.o ./drivers/fsl_common.o ./drivers/fsl_flash.o ./drivers/fsl_gpio.o ./drivers/fsl_lpsci.o ./drivers/fsl_smc.o ./drivers/fsl_uart.o  ./board/board.o ./board/clock_config.o ./board/peripherals.o ./board/pin_mux.o  ./CMSIS/system_MKL25Z4.o   
Memory region         Used Size  Region Size  %age Used
   PROGRAM_FLASH:        2912 B       128 KB      2.22%
            SRAM:        2384 B        16 KB     14.55%
Finished building target: MKL25Z4_TX.axf
 
Performing post-build steps
arm-none-eabi-size "MKL25Z4_TX.axf"; # arm-none-eabi-objcopy -v -O binary "MKL25Z4_TX.axf" "MKL25Z4_TX.bin" ; # checksum -p MKL25Z128xxx4 -d "MKL25Z4_TX.bin";
   text	   data	    bss	    dec	    hex	filename
   2912	      0	   2384	   5296	   14b0	MKL25Z4_TX.axf
 
19:04:24 **** Build of configuration Debug for project MKL25Z4_TX ****
make -r -j16 all 
Building file: ../source/MKL25Z4_TX.c
Invoking: MCU C Compiler
arm-none-eabi-gcc -DCPU_MKL25Z128VLK4 -DCPU_MKL25Z128VLK4_cm0plus -DSDK_OS_BAREMETAL -DFSL_RTOS_BM -DSDK_DEBUGCONSOLE=1 -DCR_INTEGER_PRINTF -DPRINTF_FLOAT_ENABLE=0 -D__MCUXPRESSO -D__USE_CMSIS -DDEBUG -D__REDLIB__ -I"/home/sesgaro/Documents/MCUXpresso_25.6.136/workspace/MKL25Z4_TX/board" -I"/home/sesgaro/Documents/MCUXpresso_25.6.136/workspace/MKL25Z4_TX/source" -I"/home/sesgaro/Documents/MCUXpresso_25.6.136/workspace/MKL25Z4_TX" -I"/home/sesgaro/Documents/MCUXpresso_25.6.136/workspace/MKL25Z4_TX/drivers" -I"/home/sesgaro/Documents/MCUXpresso_25.6.136/workspace/MKL25Z4_TX/startup" -I"/home/sesgaro/Documents/MCUXpresso_25.6.136/workspace/MKL25Z4_TX/utilities" -I"/home/sesgaro/Documents/MCUXpresso_25.6.136/workspace/MKL25Z4_TX/CMSIS" -O0 -fno-common -g3 -gdwarf-4 -Wall -c -fmessage-length=0 -fno-builtin -ffunction-sections -fdata-sections -fmerge-constants -fmacro-prefix-map="../source/"= -mcpu=cortex-m0plus -mthumb -D__REDLIB__ -fstack-usage -specs=redlib.specs -MMD -MP -MF"source/MKL25Z4_TX.d" -MT"source/MKL25Z4_TX.o" -MT"source/MKL25Z4_TX.d" -o "source/MKL25Z4_TX.o" "../source/MKL25Z4_TX.c"
Finished building: ../source/MKL25Z4_TX.c
 
Building target: MKL25Z4_TX.axf
Invoking: MCU Linker
arm-none-eabi-gcc -nostdlib -Xlinker -Map="MKL25Z4_TX.map" -Xlinker --gc-sections -Xlinker -print-memory-usage -Xlinker --sort-section=alignment -Xlinker --cref -mcpu=cortex-m0plus -mthumb -T MKL25Z4_TX_Debug.ld -o "MKL25Z4_TX.axf" ./utilities/fsl_debug_console.o  ./startup/startup_mkl25z4.o  ./source/MKL25Z4_TX.o ./source/mtb.o ./source/semihost_hardfault.o  ./drivers/fsl_clock.o ./drivers/fsl_common.o ./drivers/fsl_flash.o ./drivers/fsl_gpio.o ./drivers/fsl_lpsci.o ./drivers/fsl_smc.o ./drivers/fsl_uart.o  ./board/board.o ./board/clock_config.o ./board/peripherals.o ./board/pin_mux.o  ./CMSIS/system_MKL25Z4.o   
Memory region         Used Size  Region Size  %age Used
   PROGRAM_FLASH:        2912 B       128 KB      2.22%
            SRAM:        2384 B        16 KB     14.55%
Finished building target: MKL25Z4_TX.axf
 
Performing post-build steps
arm-none-eabi-size "MKL25Z4_TX.axf"; # arm-none-eabi-objcopy -v -O binary "MKL25Z4_TX.axf" "MKL25Z4_TX.bin" ; # checksum -p MKL25Z128xxx4 -d "MKL25Z4_TX.bin";
   text	   data	    bss	    dec	    hex	filename
   2912	      0	   2384	   5296	   14b0	MKL25Z4_TX.axf
 
19:06:04 **** Build of configuration Debug for project MKL25Z4_TX ****
make -r -j16 all 
Building file: ../source/MKL25Z4_TX.c
Invoking: MCU C Compiler
arm-none-eabi-gcc -DCPU_MKL25Z128VLK4 -DCPU_MKL25Z128VLK4_cm0plus -DSDK_OS_BAREMETAL -DFSL_RTOS_BM -DSDK_DEBUGCONSOLE=1 -DCR_INTEGER_PRINTF -DPRINTF_FLOAT_ENABLE=0 -D__MCUXPRESSO -D__USE_CMSIS -DDEBUG -D__REDLIB__ -I"/home/sesgaro/Documents/MCUXpresso_25.6.136/workspace/MKL25Z4_TX/board" -I"/home/sesgaro/Documents/MCUXpresso_25.6.136/workspace/MKL25Z4_TX/source" -I"/home/sesgaro/Documents/MCUXpresso_25.6.136/workspace/MKL25Z4_TX" -I"/home/sesgaro/Documents/MCUXpresso_25.6.136/workspace/MKL25Z4_TX/drivers" -I"/home/sesgaro/Documents/MCUXpresso_25.6.136/workspace/MKL25Z4_TX/startup" -I"/home/sesgaro/Documents/MCUXpresso_25.6.136/workspace/MKL25Z4_TX/utilities" -I"/home/sesgaro/Documents/MCUXpresso_25.6.136/workspace/MKL25Z4_TX/CMSIS" -O0 -fno-common -g3 -gdwarf-4 -Wall -c -fmessage-length=0 -fno-builtin -ffunction-sections -fdata-sections -fmerge-constants -fmacro-prefix-map="../source/"= -mcpu=cortex-m0plus -mthumb -D__REDLIB__ -fstack-usage -specs=redlib.specs -MMD -MP -MF"source/MKL25Z4_TX.d" -MT"source/MKL25Z4_TX.o" -MT"source/MKL25Z4_TX.d" -o "source/MKL25Z4_TX.o" "../source/MKL25Z4_TX.c"
../source/MKL25Z4_TX.c:16:13: warning: 'config_sys_clock' defined but not used [-Wunused-function]
   16 | static void config_sys_clock(void) {
      |             ^~~~~~~~~~~~~~~~
Finished building: ../source/MKL25Z4_TX.c
 
Building target: MKL25Z4_TX.axf
Invoking: MCU Linker
arm-none-eabi-gcc -nostdlib -Xlinker -Map="MKL25Z4_TX.map" -Xlinker --gc-sections -Xlinker -print-memory-usage -Xlinker --sort-section=alignment -Xlinker --cref -mcpu=cortex-m0plus -mthumb -T MKL25Z4_TX_Debug.ld -o "MKL25Z4_TX.axf" ./utilities/fsl_debug_console.o  ./startup/startup_mkl25z4.o  ./source/MKL25Z4_TX.o ./source/mtb.o ./source/semihost_hardfault.o  ./drivers/fsl_clock.o ./drivers/fsl_common.o ./drivers/fsl_flash.o ./drivers/fsl_gpio.o ./drivers/fsl_lpsci.o ./drivers/fsl_smc.o ./drivers/fsl_uart.o  ./board/board.o ./board/clock_config.o ./board/peripherals.o ./board/pin_mux.o  ./CMSIS/system_MKL25Z4.o   
Memory region         Used Size  Region Size  %age Used
   PROGRAM_FLASH:        2912 B       128 KB      2.22%
            SRAM:        2384 B        16 KB     14.55%
Finished building target: MKL25Z4_TX.axf
 
Performing post-build steps
arm-none-eabi-size "MKL25Z4_TX.axf"; # arm-none-eabi-objcopy -v -O binary "MKL25Z4_TX.axf" "MKL25Z4_TX.bin" ; # checksum -p MKL25Z128xxx4 -d "MKL25Z4_TX.bin";
   text	   data	    bss	    dec	    hex	filename
   2912	      0	   2384	   5296	   14b0	MKL25Z4_TX.axf
 
19:08:04 **** Build of configuration Debug for project MKL25Z4_TX ****
make -r -j16 all 
Building file: ../source/MKL25Z4_TX.c
Invoking: MCU C Compiler
arm-none-eabi-gcc -DCPU_MKL25Z128VLK4 -DCPU_MKL25Z128VLK4_cm0plus -DSDK_OS_BAREMETAL -DFSL_RTOS_BM -DSDK_DEBUGCONSOLE=1 -DCR_INTEGER_PRINTF -DPRINTF_FLOAT_ENABLE=0 -D__MCUXPRESSO -D__USE_CMSIS -DDEBUG -D__REDLIB__ -I"/home/sesgaro/Documents/MCUXpresso_25.6.136/workspace/MKL25Z4_TX/board" -I"/home/sesgaro/Documents/MCUXpresso_25.6.136/workspace/MKL25Z4_TX/source" -I"/home/sesgaro/Documents/MCUXpresso_25.6.136/workspace/MKL25Z4_TX" -I"/home/sesgaro/Documents/MCUXpresso_25.6.136/workspace/MKL25Z4_TX/drivers" -I"/home/sesgaro/Documents/MCUXpresso_25.6.136/workspace/MKL25Z4_TX/startup" -I"/home/sesgaro/Documents/MCUXpresso_25.6.136/workspace/MKL25Z4_TX/utilities" -I"/home/sesgaro/Documents/MCUXpresso_25.6.136/workspace/MKL25Z4_TX/CMSIS" -O0 -fno-common -g3 -gdwarf-4 -Wall -c -fmessage-length=0 -fno-builtin -ffunction-sections -fdata-sections -fmerge-constants -fmacro-prefix-map="../source/"= -mcpu=cortex-m0plus -mthumb -D__REDLIB__ -fstack-usage -specs=redlib.specs -MMD -MP -MF"source/MKL25Z4_TX.d" -MT"source/MKL25Z4_TX.o" -MT"source/MKL25Z4_TX.d" -o "source/MKL25Z4_TX.o" "../source/MKL25Z4_TX.c"
Finished building: ../source/MKL25Z4_TX.c
 
Building target: MKL25Z4_TX.axf
Invoking: MCU Linker
arm-none-eabi-gcc -nostdlib -Xlinker -Map="MKL25Z4_TX.map" -Xlinker --gc-sections -Xlinker -print-memory-usage -Xlinker --sort-section=alignment -Xlinker --cref -mcpu=cortex-m0plus -mthumb -T MKL25Z4_TX_Debug.ld -o "MKL25Z4_TX.axf" ./utilities/fsl_debug_console.o  ./startup/startup_mkl25z4.o  ./source/MKL25Z4_TX.o ./source/mtb.o ./source/semihost_hardfault.o  ./drivers/fsl_clock.o ./drivers/fsl_common.o ./drivers/fsl_flash.o ./drivers/fsl_gpio.o ./drivers/fsl_lpsci.o ./drivers/fsl_smc.o ./drivers/fsl_uart.o  ./board/board.o ./board/clock_config.o ./board/peripherals.o ./board/pin_mux.o  ./CMSIS/system_MKL25Z4.o   
Memory region         Used Size  Region Size  %age Used
   PROGRAM_FLASH:        2964 B       128 KB      2.26%
            SRAM:        2384 B        16 KB     14.55%
Finished building target: MKL25Z4_TX.axf
 
Performing post-build steps
arm-none-eabi-size "MKL25Z4_TX.axf"; # arm-none-eabi-objcopy -v -O binary "MKL25Z4_TX.axf" "MKL25Z4_TX.bin" ; # checksum -p MKL25Z128xxx4 -d "MKL25Z4_TX.bin";
   text	   data	    bss	    dec	    hex	filename
   2964	      0	   2384	   5348	   14e4	MKL25Z4_TX.axf
 
19:20:35 **** Build of configuration Debug for project MKL25Z4_TX ****
make -r -j16 all 
Building file: ../source/MKL25Z4_TX.c
Invoking: MCU C Compiler
arm-none-eabi-gcc -DCPU_MKL25Z128VLK4 -DCPU_MKL25Z128VLK4_cm0plus -DSDK_OS_BAREMETAL -DFSL_RTOS_BM -DSDK_DEBUGCONSOLE=1 -DCR_INTEGER_PRINTF -DPRINTF_FLOAT_ENABLE=0 -D__MCUXPRESSO -D__USE_CMSIS -DDEBUG -D__REDLIB__ -I"/home/sesgaro/Documents/MCUXpresso_25.6.136/workspace/MKL25Z4_TX/board" -I"/home/sesgaro/Documents/MCUXpresso_25.6.136/workspace/MKL25Z4_TX/source" -I"/home/sesgaro/Documents/MCUXpresso_25.6.136/workspace/MKL25Z4_TX" -I"/home/sesgaro/Documents/MCUXpresso_25.6.136/workspace/MKL25Z4_TX/drivers" -I"/home/sesgaro/Documents/MCUXpresso_25.6.136/workspace/MKL25Z4_TX/startup" -I"/home/sesgaro/Documents/MCUXpresso_25.6.136/workspace/MKL25Z4_TX/utilities" -I"/home/sesgaro/Documents/MCUXpresso_25.6.136/workspace/MKL25Z4_TX/CMSIS" -O0 -fno-common -g3 -gdwarf-4 -Wall -c -fmessage-length=0 -fno-builtin -ffunction-sections -fdata-sections -fmerge-constants -fmacro-prefix-map="../source/"= -mcpu=cortex-m0plus -mthumb -D__REDLIB__ -fstack-usage -specs=redlib.specs -MMD -MP -MF"source/MKL25Z4_TX.d" -MT"source/MKL25Z4_TX.o" -MT"source/MKL25Z4_TX.d" -o "source/MKL25Z4_TX.o" "../source/MKL25Z4_TX.c"
Finished building: ../source/MKL25Z4_TX.c
 
Building target: MKL25Z4_TX.axf
Invoking: MCU Linker
arm-none-eabi-gcc -nostdlib -Xlinker -Map="MKL25Z4_TX.map" -Xlinker --gc-sections -Xlinker -print-memory-usage -Xlinker --sort-section=alignment -Xlinker --cref -mcpu=cortex-m0plus -mthumb -T MKL25Z4_TX_Debug.ld -o "MKL25Z4_TX.axf" ./utilities/fsl_debug_console.o  ./startup/startup_mkl25z4.o  ./source/MKL25Z4_TX.o ./source/mtb.o ./source/semihost_hardfault.o  ./drivers/fsl_clock.o ./drivers/fsl_common.o ./drivers/fsl_flash.o ./drivers/fsl_gpio.o ./drivers/fsl_lpsci.o ./drivers/fsl_smc.o ./drivers/fsl_uart.o  ./board/board.o ./board/clock_config.o ./board/peripherals.o ./board/pin_mux.o  ./CMSIS/system_MKL25Z4.o   
Memory region         Used Size  Region Size  %age Used
   PROGRAM_FLASH:        2900 B       128 KB      2.21%
            SRAM:        2384 B        16 KB     14.55%
Finished building target: MKL25Z4_TX.axf
 
Performing post-build steps
arm-none-eabi-size "MKL25Z4_TX.axf"; # arm-none-eabi-objcopy -v -O binary "MKL25Z4_TX.axf" "MKL25Z4_TX.bin" ; # checksum -p MKL25Z128xxx4 -d "MKL25Z4_TX.bin";
   text	   data	    bss	    dec	    hex	filename
   2900	      0	   2384	   5284	   14a4	MKL25Z4_TX.axf
 
12:36:12 **** Build of configuration Debug for project practica_uart ****
make -r -j16 all 
Building file: ../utilities/fsl_debug_console.c
Building file: ../startup/startup_mkl25z4.c
Building file: ../source/mtb.c
Building file: ../source/practica_uart.c
Invoking: MCU C Compiler
Invoking: MCU C Compiler
Invoking: MCU C Compiler
arm-none-eabi-gcc -D__REDLIB__ -DCPU_MKL25Z128VLK4 -DCPU_MKL25Z128VLK4_cm0plus -DSDK_OS_BAREMETAL -DFSL_RTOS_BM -DSDK_DEBUGCONSOLE=1 -DCR_INTEGER_PRINTF -DPRINTF_FLOAT_ENABLE=0 -D__MCUXPRESSO -D__USE_CMSIS -DDEBUG -I"/home/sesgaro/Documents/MCUXpresso_25.6.136/workspace/practica_uart/board" -I"/home/sesgaro/Documents/MCUXpresso_25.6.136/workspace/practica_uart/source" -I"/home/sesgaro/Documents/MCUXpresso_25.6.136/workspace/practica_uart" -I"/home/sesgaro/Documents/MCUXpresso_25.6.136/workspace/practica_uart/drivers" -I"/home/sesgaro/Documents/MCUXpresso_25.6.136/workspace/practica_uart/startup" -I"/home/sesgaro/Documents/MCUXpresso_25.6.136/workspace/practica_uart/utilities" -I"/home/sesgaro/Documents/MCUXpresso_25.6.136/workspace/practica_uart/CMSIS" -O0 -fno-common -g3 -gdwarf-4 -Wall -c -fmessage-length=0 -fno-builtin -ffunction-sections -fdata-sections -fmerge-constants -fmacro-prefix-map="../utilities/"= -mcpu=cortex-m0plus -mthumb -D__REDLIB__ -fstack-usage -specs=redlib.specs -MMD -MP -MF"utilities/fsl_debug_console.d" -MT"utilities/fsl_debug_console.o" -MT"utilities/fsl_debug_console.d" -o "utilities/fsl_debug_console.o" "../utilities/fsl_debug_console.c"
Building file: ../source/semihost_hardfault.c
arm-none-eabi-gcc -D__REDLIB__ -DCPU_MKL25Z128VLK4 -DCPU_MKL25Z128VLK4_cm0plus -DSDK_OS_BAREMETAL -DFSL_RTOS_BM -DSDK_DEBUGCONSOLE=1 -DCR_INTEGER_PRINTF -DPRINTF_FLOAT_ENABLE=0 -D__MCUXPRESSO -D__USE_CMSIS -DDEBUG -I"/home/sesgaro/Documents/MCUXpresso_25.6.136/workspace/practica_uart/board" -I"/home/sesgaro/Documents/MCUXpresso_25.6.136/workspace/practica_uart/source" -I"/home/sesgaro/Documents/MCUXpresso_25.6.136/workspace/practica_uart" -I"/home/sesgaro/Documents/MCUXpresso_25.6.136/workspace/practica_uart/drivers" -I"/home/sesgaro/Documents/MCUXpresso_25.6.136/workspace/practica_uart/startup" -I"/home/sesgaro/Documents/MCUXpresso_25.6.136/workspace/practica_uart/utilities" -I"/home/sesgaro/Documents/MCUXpresso_25.6.136/workspace/practica_uart/CMSIS" -O0 -fno-common -g3 -gdwarf-4 -Wall -c -fmessage-length=0 -fno-builtin -ffunction-sections -fdata-sections -fmerge-constants -fmacro-prefix-map="../startup/"= -mcpu=cortex-m0plus -mthumb -D__REDLIB__ -fstack-usage -specs=redlib.specs -MMD -MP -MF"startup/startup_mkl25z4.d" -MT"startup/startup_mkl25z4.o" -MT"startup/startup_mkl25z4.d" -o "startup/startup_mkl25z4.o" "../startup/startup_mkl25z4.c"
arm-none-eabi-gcc -D__REDLIB__ -DCPU_MKL25Z128VLK4 -DCPU_MKL25Z128VLK4_cm0plus -DSDK_OS_BAREMETAL -DFSL_RTOS_BM -DSDK_DEBUGCONSOLE=1 -DCR_INTEGER_PRINTF -DPRINTF_FLOAT_ENABLE=0 -D__MCUXPRESSO -D__USE_CMSIS -DDEBUG -I"/home/sesgaro/Documents/MCUXpresso_25.6.136/workspace/practica_uart/board" -I"/home/sesgaro/Documents/MCUXpresso_25.6.136/workspace/practica_uart/source" -I"/home/sesgaro/Documents/MCUXpresso_25.6.136/workspace/practica_uart" -I"/home/sesgaro/Documents/MCUXpresso_25.6.136/workspace/practica_uart/drivers" -I"/home/sesgaro/Documents/MCUXpresso_25.6.136/workspace/practica_uart/startup" -I"/home/sesgaro/Documents/MCUXpresso_25.6.136/workspace/practica_uart/utilities" -I"/home/sesgaro/Documents/MCUXpresso_25.6.136/workspace/practica_uart/CMSIS" -O0 -fno-common -g3 -gdwarf-4 -Wall -c -fmessage-length=0 -fno-builtin -ffunction-sections -fdata-sections -fmerge-constants -fmacro-prefix-map="../source/"= -mcpu=cortex-m0plus -mthumb -D__REDLIB__ -fstack-usage -specs=redlib.specs -MMD -MP -MF"source/mtb.d" -MT"source/mtb.o" -MT"source/mtb.d" -o "source/mtb.o" "../source/mtb.c"
Invoking: MCU C Compiler
arm-none-eabi-gcc -D__REDLIB__ -DCPU_MKL25Z128VLK4 -DCPU_MKL25Z128VLK4_cm0plus -DSDK_OS_BAREMETAL -DFSL_RTOS_BM -DSDK_DEBUGCONSOLE=1 -DCR_INTEGER_PRINTF -DPRINTF_FLOAT_ENABLE=0 -D__MCUXPRESSO -D__USE_CMSIS -DDEBUG -I"/home/sesgaro/Documents/MCUXpresso_25.6.136/workspace/practica_uart/board" -I"/home/sesgaro/Documents/MCUXpresso_25.6.136/workspace/practica_uart/source" -I"/home/sesgaro/Documents/MCUXpresso_25.6.136/workspace/practica_uart" -I"/home/sesgaro/Documents/MCUXpresso_25.6.136/workspace/practica_uart/drivers" -I"/home/sesgaro/Documents/MCUXpresso_25.6.136/workspace/practica_uart/startup" -I"/home/sesgaro/Documents/MCUXpresso_25.6.136/workspace/practica_uart/utilities" -I"/home/sesgaro/Documents/MCUXpresso_25.6.136/workspace/practica_uart/CMSIS" -O0 -fno-common -g3 -gdwarf-4 -Wall -c -fmessage-length=0 -fno-builtin -ffunction-sections -fdata-sections -fmerge-constants -fmacro-prefix-map="../source/"= -mcpu=cortex-m0plus -mthumb -D__REDLIB__ -fstack-usage -specs=redlib.specs -MMD -MP -MF"source/practica_uart.d" -MT"source/practica_uart.o" -MT"source/practica_uart.d" -o "source/practica_uart.o" "../source/practica_uart.c"
Invoking: MCU C Compiler
Building file: ../drivers/fsl_clock.c
arm-none-eabi-gcc -D__REDLIB__ -DCPU_MKL25Z128VLK4 -DCPU_MKL25Z128VLK4_cm0plus -DSDK_OS_BAREMETAL -DFSL_RTOS_BM -DSDK_DEBUGCONSOLE=1 -DCR_INTEGER_PRINTF -DPRINTF_FLOAT_ENABLE=0 -D__MCUXPRESSO -D__USE_CMSIS -DDEBUG -I"/home/sesgaro/Documents/MCUXpresso_25.6.136/workspace/practica_uart/board" -I"/home/sesgaro/Documents/MCUXpresso_25.6.136/workspace/practica_uart/source" -I"/home/sesgaro/Documents/MCUXpresso_25.6.136/workspace/practica_uart" -I"/home/sesgaro/Documents/MCUXpresso_25.6.136/workspace/practica_uart/drivers" -I"/home/sesgaro/Documents/MCUXpresso_25.6.136/workspace/practica_uart/startup" -I"/home/sesgaro/Documents/MCUXpresso_25.6.136/workspace/practica_uart/utilities" -I"/home/sesgaro/Documents/MCUXpresso_25.6.136/workspace/practica_uart/CMSIS" -O0 -fno-common -g3 -gdwarf-4 -Wall -c -fmessage-length=0 -fno-builtin -ffunction-sections -fdata-sections -fmerge-constants -fmacro-prefix-map="../source/"= -mcpu=cortex-m0plus -mthumb -D__REDLIB__ -fstack-usage -specs=redlib.specs -MMD -MP -MF"source/semihost_hardfault.d" -MT"source/semihost_hardfault.o" -MT"source/semihost_hardfault.d" -o "source/semihost_hardfault.o" "../source/semihost_hardfault.c"
Building file: ../drivers/fsl_common.c
Invoking: MCU C Compiler
Building file: ../drivers/fsl_flash.c
arm-none-eabi-gcc -D__REDLIB__ -DCPU_MKL25Z128VLK4 -DCPU_MKL25Z128VLK4_cm0plus -DSDK_OS_BAREMETAL -DFSL_RTOS_BM -DSDK_DEBUGCONSOLE=1 -DCR_INTEGER_PRINTF -DPRINTF_FLOAT_ENABLE=0 -D__MCUXPRESSO -D__USE_CMSIS -DDEBUG -I"/home/sesgaro/Documents/MCUXpresso_25.6.136/workspace/practica_uart/board" -I"/home/sesgaro/Documents/MCUXpresso_25.6.136/workspace/practica_uart/source" -I"/home/sesgaro/Documents/MCUXpresso_25.6.136/workspace/practica_uart" -I"/home/sesgaro/Documents/MCUXpresso_25.6.136/workspace/practica_uart/drivers" -I"/home/sesgaro/Documents/MCUXpresso_25.6.136/workspace/practica_uart/startup" -I"/home/sesgaro/Documents/MCUXpresso_25.6.136/workspace/practica_uart/utilities" -I"/home/sesgaro/Documents/MCUXpresso_25.6.136/workspace/practica_uart/CMSIS" -O0 -fno-common -g3 -gdwarf-4 -Wall -c -fmessage-length=0 -fno-builtin -ffunction-sections -fdata-sections -fmerge-constants -fmacro-prefix-map="../drivers/"= -mcpu=cortex-m0plus -mthumb -D__REDLIB__ -fstack-usage -specs=redlib.specs -MMD -MP -MF"drivers/fsl_clock.d" -MT"drivers/fsl_clock.o" -MT"drivers/fsl_clock.d" -o "drivers/fsl_clock.o" "../drivers/fsl_clock.c"
Invoking: MCU C Compiler
arm-none-eabi-gcc -D__REDLIB__ -DCPU_MKL25Z128VLK4 -DCPU_MKL25Z128VLK4_cm0plus -DSDK_OS_BAREMETAL -DFSL_RTOS_BM -DSDK_DEBUGCONSOLE=1 -DCR_INTEGER_PRINTF -DPRINTF_FLOAT_ENABLE=0 -D__MCUXPRESSO -D__USE_CMSIS -DDEBUG -I"/home/sesgaro/Documents/MCUXpresso_25.6.136/workspace/practica_uart/board" -I"/home/sesgaro/Documents/MCUXpresso_25.6.136/workspace/practica_uart/source" -I"/home/sesgaro/Documents/MCUXpresso_25.6.136/workspace/practica_uart" -I"/home/sesgaro/Documents/MCUXpresso_25.6.136/workspace/practica_uart/drivers" -I"/home/sesgaro/Documents/MCUXpresso_25.6.136/workspace/practica_uart/startup" -I"/home/sesgaro/Documents/MCUXpresso_25.6.136/workspace/practica_uart/utilities" -I"/home/sesgaro/Documents/MCUXpresso_25.6.136/workspace/practica_uart/CMSIS" -O0 -fno-common -g3 -gdwarf-4 -Wall -c -fmessage-length=0 -fno-builtin -ffunction-sections -fdata-sections -fmerge-constants -fmacro-prefix-map="../drivers/"= -mcpu=cortex-m0plus -mthumb -D__REDLIB__ -fstack-usage -specs=redlib.specs -MMD -MP -MF"drivers/fsl_common.d" -MT"drivers/fsl_common.o" -MT"drivers/fsl_common.d" -o "drivers/fsl_common.o" "../drivers/fsl_common.c"
Invoking: MCU C Compiler
arm-none-eabi-gcc -D__REDLIB__ -DCPU_MKL25Z128VLK4 -DCPU_MKL25Z128VLK4_cm0plus -DSDK_OS_BAREMETAL -DFSL_RTOS_BM -DSDK_DEBUGCONSOLE=1 -DCR_INTEGER_PRINTF -DPRINTF_FLOAT_ENABLE=0 -D__MCUXPRESSO -D__USE_CMSIS -DDEBUG -I"/home/sesgaro/Documents/MCUXpresso_25.6.136/workspace/practica_uart/board" -I"/home/sesgaro/Documents/MCUXpresso_25.6.136/workspace/practica_uart/source" -I"/home/sesgaro/Documents/MCUXpresso_25.6.136/workspace/practica_uart" -I"/home/sesgaro/Documents/MCUXpresso_25.6.136/workspace/practica_uart/drivers" -I"/home/sesgaro/Documents/MCUXpresso_25.6.136/workspace/practica_uart/startup" -I"/home/sesgaro/Documents/MCUXpresso_25.6.136/workspace/practica_uart/utilities" -I"/home/sesgaro/Documents/MCUXpresso_25.6.136/workspace/practica_uart/CMSIS" -O0 -fno-common -g3 -gdwarf-4 -Wall -c -fmessage-length=0 -fno-builtin -ffunction-sections -fdata-sections -fmerge-constants -fmacro-prefix-map="../drivers/"= -mcpu=cortex-m0plus -mthumb -D__REDLIB__ -fstack-usage -specs=redlib.specs -MMD -MP -MF"drivers/fsl_flash.d" -MT"drivers/fsl_flash.o" -MT"drivers/fsl_flash.d" -o "drivers/fsl_flash.o" "../drivers/fsl_flash.c"
Building file: ../drivers/fsl_gpio.c
Building file: ../drivers/fsl_lpsci.c
Building file: ../drivers/fsl_smc.c
Invoking: MCU C Compiler
Building file: ../drivers/fsl_uart.c
arm-none-eabi-gcc -D__REDLIB__ -DCPU_MKL25Z128VLK4 -DCPU_MKL25Z128VLK4_cm0plus -DSDK_OS_BAREMETAL -DFSL_RTOS_BM -DSDK_DEBUGCONSOLE=1 -DCR_INTEGER_PRINTF -DPRINTF_FLOAT_ENABLE=0 -D__MCUXPRESSO -D__USE_CMSIS -DDEBUG -I"/home/sesgaro/Documents/MCUXpresso_25.6.136/workspace/practica_uart/board" -I"/home/sesgaro/Documents/MCUXpresso_25.6.136/workspace/practica_uart/source" -I"/home/sesgaro/Documents/MCUXpresso_25.6.136/workspace/practica_uart" -I"/home/sesgaro/Documents/MCUXpresso_25.6.136/workspace/practica_uart/drivers" -I"/home/sesgaro/Documents/MCUXpresso_25.6.136/workspace/practica_uart/startup" -I"/home/sesgaro/Documents/MCUXpresso_25.6.136/workspace/practica_uart/utilities" -I"/home/sesgaro/Documents/MCUXpresso_25.6.136/workspace/practica_uart/CMSIS" -O0 -fno-common -g3 -gdwarf-4 -Wall -c -fmessage-length=0 -fno-builtin -ffunction-sections -fdata-sections -fmerge-constants -fmacro-prefix-map="../drivers/"= -mcpu=cortex-m0plus -mthumb -D__REDLIB__ -fstack-usage -specs=redlib.specs -MMD -MP -MF"drivers/fsl_gpio.d" -MT"drivers/fsl_gpio.o" -MT"drivers/fsl_gpio.d" -o "drivers/fsl_gpio.o" "../drivers/fsl_gpio.c"
Invoking: MCU C Compiler
Invoking: MCU C Compiler
arm-none-eabi-gcc -D__REDLIB__ -DCPU_MKL25Z128VLK4 -DCPU_MKL25Z128VLK4_cm0plus -DSDK_OS_BAREMETAL -DFSL_RTOS_BM -DSDK_DEBUGCONSOLE=1 -DCR_INTEGER_PRINTF -DPRINTF_FLOAT_ENABLE=0 -D__MCUXPRESSO -D__USE_CMSIS -DDEBUG -I"/home/sesgaro/Documents/MCUXpresso_25.6.136/workspace/practica_uart/board" -I"/home/sesgaro/Documents/MCUXpresso_25.6.136/workspace/practica_uart/source" -I"/home/sesgaro/Documents/MCUXpresso_25.6.136/workspace/practica_uart" -I"/home/sesgaro/Documents/MCUXpresso_25.6.136/workspace/practica_uart/drivers" -I"/home/sesgaro/Documents/MCUXpresso_25.6.136/workspace/practica_uart/startup" -I"/home/sesgaro/Documents/MCUXpresso_25.6.136/workspace/practica_uart/utilities" -I"/home/sesgaro/Documents/MCUXpresso_25.6.136/workspace/practica_uart/CMSIS" -O0 -fno-common -g3 -gdwarf-4 -Wall -c -fmessage-length=0 -fno-builtin -ffunction-sections -fdata-sections -fmerge-constants -fmacro-prefix-map="../drivers/"= -mcpu=cortex-m0plus -mthumb -D__REDLIB__ -fstack-usage -specs=redlib.specs -MMD -MP -MF"drivers/fsl_lpsci.d" -MT"drivers/fsl_lpsci.o" -MT"drivers/fsl_lpsci.d" -o "drivers/fsl_lpsci.o" "../drivers/fsl_lpsci.c"
In file included from ../source/practica_uart.c:1:
/home/sesgaro/Documents/MCUXpresso_25.6.136/workspace/practica_uart/CMSIS/MKL25Z4.h:3926:51: error: expected declaration specifiers or '...' before '(' token
arm-none-eabi-gcc -D__REDLIB__ -DCPU_MKL25Z128VLK4 -DCPU_MKL25Z128VLK4_cm0plus -DSDK_OS_BAREMETAL -DFSL_RTOS_BM -DSDK_DEBUGCONSOLE=1 -DCR_INTEGER_PRINTF -DPRINTF_FLOAT_ENABLE=0 -D__MCUXPRESSO -D__USE_CMSIS -DDEBUG -I"/home/sesgaro/Documents/MCUXpresso_25.6.136/workspace/practica_uart/board" -I"/home/sesgaro/Documents/MCUXpresso_25.6.136/workspace/practica_uart/source" -I"/home/sesgaro/Documents/MCUXpresso_25.6.136/workspace/practica_uart" -I"/home/sesgaro/Documents/MCUXpresso_25.6.136/workspace/practica_uart/drivers" -I"/home/sesgaro/Documents/MCUXpresso_25.6.136/workspace/practica_uart/startup" -I"/home/sesgaro/Documents/MCUXpresso_25.6.136/workspace/practica_uart/utilities" -I"/home/sesgaro/Documents/MCUXpresso_25.6.136/workspace/practica_uart/CMSIS" -O0 -fno-common -g3 -gdwarf-4 -Wall -c -fmessage-length=0 -fno-builtin -ffunction-sections -fdata-sections -fmerge-constants -fmacro-prefix-map="../drivers/"= -mcpu=cortex-m0plus -mthumb -D__REDLIB__ -fstack-usage -specs=redlib.specs -MMD -MP -MF"drivers/fsl_smc.d" -MT"drivers/fsl_smc.o" -MT"drivers/fsl_smc.d" -o "drivers/fsl_smc.o" "../drivers/fsl_smc.c"
 3926 | #define SIM                                      ((SIM_Type *)SIM_BASE)
      |                                                   ^
Invoking: MCU C Compiler
arm-none-eabi-gcc -D__REDLIB__ -DCPU_MKL25Z128VLK4 -DCPU_MKL25Z128VLK4_cm0plus -DSDK_OS_BAREMETAL -DFSL_RTOS_BM -DSDK_DEBUGCONSOLE=1 -DCR_INTEGER_PRINTF -DPRINTF_FLOAT_ENABLE=0 -D__MCUXPRESSO -D__USE_CMSIS -DDEBUG -I"/home/sesgaro/Documents/MCUXpresso_25.6.136/workspace/practica_uart/board" -I"/home/sesgaro/Documents/MCUXpresso_25.6.136/workspace/practica_uart/source" -I"/home/sesgaro/Documents/MCUXpresso_25.6.136/workspace/practica_uart" -I"/home/sesgaro/Documents/MCUXpresso_25.6.136/workspace/practica_uart/drivers" -I"/home/sesgaro/Documents/MCUXpresso_25.6.136/workspace/practica_uart/startup" -I"/home/sesgaro/Documents/MCUXpresso_25.6.136/workspace/practica_uart/utilities" -I"/home/sesgaro/Documents/MCUXpresso_25.6.136/workspace/practica_uart/CMSIS" -O0 -fno-common -g3 -gdwarf-4 -Wall -c -fmessage-length=0 -fno-builtin -ffunction-sections -fdata-sections -fmerge-constants -fmacro-prefix-map="../drivers/"= -mcpu=cortex-m0plus -mthumb -D__REDLIB__ -fstack-usage -specs=redlib.specs -MMD -MP -MF"drivers/fsl_uart.d" -MT"drivers/fsl_uart.o" -MT"drivers/fsl_uart.d" -o "drivers/fsl_uart.o" "../drivers/fsl_uart.c"
../source/practica_uart.c:52:5: note: in expansion of macro 'SIM'
Building file: ../board/clock_config.c
Building file: ../board/board.c
Invoking: MCU C Compiler
   52 |     SIM->SCGC4 |= 0x0400;
      |     ^~~
/home/sesgaro/Documents/MCUXpresso_25.6.136/workspace/practica_uart/CMSIS/MKL25Z4.h:3926:52: error: expected identifier or '(' before 'SIM_Type'
Building file: ../board/peripherals.c
arm-none-eabi-gcc -D__REDLIB__ -DCPU_MKL25Z128VLK4 -DCPU_MKL25Z128VLK4_cm0plus -DSDK_OS_BAREMETAL -DFSL_RTOS_BM -DSDK_DEBUGCONSOLE=1 -DCR_INTEGER_PRINTF -DPRINTF_FLOAT_ENABLE=0 -D__MCUXPRESSO -D__USE_CMSIS -DDEBUG -I"/home/sesgaro/Documents/MCUXpresso_25.6.136/workspace/practica_uart/board" -I"/home/sesgaro/Documents/MCUXpresso_25.6.136/workspace/practica_uart/source" -I"/home/sesgaro/Documents/MCUXpresso_25.6.136/workspace/practica_uart" -I"/home/sesgaro/Documents/MCUXpresso_25.6.136/workspace/practica_uart/drivers" -I"/home/sesgaro/Documents/MCUXpresso_25.6.136/workspace/practica_uart/startup" -I"/home/sesgaro/Documents/MCUXpresso_25.6.136/workspace/practica_uart/utilities" -I"/home/sesgaro/Documents/MCUXpresso_25.6.136/workspace/practica_uart/CMSIS" -O0 -fno-common -g3 -gdwarf-4 -Wall -c -fmessage-length=0 -fno-builtin -ffunction-sections -fdata-sections -fmerge-constants -fmacro-prefix-map="../board/"= -mcpu=cortex-m0plus -mthumb -D__REDLIB__ -fstack-usage -specs=redlib.specs -MMD -MP -MF"board/clock_config.d" -MT"board/clock_config.o" -MT"board/clock_config.d" -o "board/clock_config.o" "../board/clock_config.c"
 3926 | #define SIM                                      ((SIM_Type *)SIM_BASE)
      |                                                    ^~~~~~~~
Invoking: MCU C Compiler
arm-none-eabi-gcc -D__REDLIB__ -DCPU_MKL25Z128VLK4 -DCPU_MKL25Z128VLK4_cm0plus -DSDK_OS_BAREMETAL -DFSL_RTOS_BM -DSDK_DEBUGCONSOLE=1 -DCR_INTEGER_PRINTF -DPRINTF_FLOAT_ENABLE=0 -D__MCUXPRESSO -D__USE_CMSIS -DDEBUG -I"/home/sesgaro/Documents/MCUXpresso_25.6.136/workspace/practica_uart/board" -I"/home/sesgaro/Documents/MCUXpresso_25.6.136/workspace/practica_uart/source" -I"/home/sesgaro/Documents/MCUXpresso_25.6.136/workspace/practica_uart" -I"/home/sesgaro/Documents/MCUXpresso_25.6.136/workspace/practica_uart/drivers" -I"/home/sesgaro/Documents/MCUXpresso_25.6.136/workspace/practica_uart/startup" -I"/home/sesgaro/Documents/MCUXpresso_25.6.136/workspace/practica_uart/utilities" -I"/home/sesgaro/Documents/MCUXpresso_25.6.136/workspace/practica_uart/CMSIS" -O0 -fno-common -g3 -gdwarf-4 -Wall -c -fmessage-length=0 -fno-builtin -ffunction-sections -fdata-sections -fmerge-constants -fmacro-prefix-map="../board/"= -mcpu=cortex-m0plus -mthumb -D__REDLIB__ -fstack-usage -specs=redlib.specs -MMD -MP -MF"board/board.d" -MT"board/board.o" -MT"board/board.d" -o "board/board.o" "../board/board.c"
../source/practica_uart.c:53:5: note: in expansion of macro 'SIM'
Invoking: MCU C Compiler
   53 |     SIM->SOPT2 = (SIM->SOPT2 & ~0x0C000000u) | 0x04000000u;
      |     ^~~
Building file: ../board/pin_mux.c
arm-none-eabi-gcc -D__REDLIB__ -DCPU_MKL25Z128VLK4 -DCPU_MKL25Z128VLK4_cm0plus -DSDK_OS_BAREMETAL -DFSL_RTOS_BM -DSDK_DEBUGCONSOLE=1 -DCR_INTEGER_PRINTF -DPRINTF_FLOAT_ENABLE=0 -D__MCUXPRESSO -D__USE_CMSIS -DDEBUG -I"/home/sesgaro/Documents/MCUXpresso_25.6.136/workspace/practica_uart/board" -I"/home/sesgaro/Documents/MCUXpresso_25.6.136/workspace/practica_uart/source" -I"/home/sesgaro/Documents/MCUXpresso_25.6.136/workspace/practica_uart" -I"/home/sesgaro/Documents/MCUXpresso_25.6.136/workspace/practica_uart/drivers" -I"/home/sesgaro/Documents/MCUXpresso_25.6.136/workspace/practica_uart/startup" -I"/home/sesgaro/Documents/MCUXpresso_25.6.136/workspace/practica_uart/utilities" -I"/home/sesgaro/Documents/MCUXpresso_25.6.136/workspace/practica_uart/CMSIS" -O0 -fno-common -g3 -gdwarf-4 -Wall -c -fmessage-length=0 -fno-builtin -ffunction-sections -fdata-sections -fmerge-constants -fmacro-prefix-map="../board/"= -mcpu=cortex-m0plus -mthumb -D__REDLIB__ -fstack-usage -specs=redlib.specs -MMD -MP -MF"board/peripherals.d" -MT"board/peripherals.o" -MT"board/peripherals.d" -o "board/peripherals.o" "../board/peripherals.c"
/home/sesgaro/Documents/MCUXpresso_25.6.136/workspace/practica_uart/CMSIS/MKL25Z4.h:3924:50: error: expected ')' before '(' token
Invoking: MCU C Compiler
 3924 | #define SIM_BASE                                 (0x40047000u)
      |                                                  ^
/home/sesgaro/Documents/MCUXpresso_25.6.136/workspace/practica_uart/CMSIS/MKL25Z4.h:3926:63: note: in expansion of macro 'SIM_BASE'
 3926 | #define SIM                                      ((SIM_Type *)SIM_BASE)
arm-none-eabi-gcc -D__REDLIB__ -DCPU_MKL25Z128VLK4 -DCPU_MKL25Z128VLK4_cm0plus -DSDK_OS_BAREMETAL -DFSL_RTOS_BM -DSDK_DEBUGCONSOLE=1 -DCR_INTEGER_PRINTF -DPRINTF_FLOAT_ENABLE=0 -D__MCUXPRESSO -D__USE_CMSIS -DDEBUG -I"/home/sesgaro/Documents/MCUXpresso_25.6.136/workspace/practica_uart/board" -I"/home/sesgaro/Documents/MCUXpresso_25.6.136/workspace/practica_uart/source" -I"/home/sesgaro/Documents/MCUXpresso_25.6.136/workspace/practica_uart" -I"/home/sesgaro/Documents/MCUXpresso_25.6.136/workspace/practica_uart/drivers" -I"/home/sesgaro/Documents/MCUXpresso_25.6.136/workspace/practica_uart/startup" -I"/home/sesgaro/Documents/MCUXpresso_25.6.136/workspace/practica_uart/utilities" -I"/home/sesgaro/Documents/MCUXpresso_25.6.136/workspace/practica_uart/CMSIS" -O0 -fno-common -g3 -gdwarf-4 -Wall -c -fmessage-length=0 -fno-builtin -ffunction-sections -fdata-sections -fmerge-constants -fmacro-prefix-map="../board/"= -mcpu=cortex-m0plus -mthumb -D__REDLIB__ -fstack-usage -specs=redlib.specs -MMD -MP -MF"board/pin_mux.d" -MT"board/pin_mux.o" -MT"board/pin_mux.d" -o "board/pin_mux.o" "../board/pin_mux.c"
Finished building: ../source/mtb.c
      |                                                               ^~~~~~~~
../source/practica_uart.c:53:5: note: in expansion of macro 'SIM'
 
Building file: ../CMSIS/system_MKL25Z4.c
Finished building: ../source/semihost_hardfault.c
Invoking: MCU C Compiler
   53 |     SIM->SOPT2 = (SIM->SOPT2 & ~0x0C000000u) | 0x04000000u;
      |     ^~~
/home/sesgaro/Documents/MCUXpresso_25.6.136/workspace/practica_uart/CMSIS/MKL25Z4.h:4947:52: error: expected identifier or '(' before 'UART0_Type'
arm-none-eabi-gcc -D__REDLIB__ -DCPU_MKL25Z128VLK4 -DCPU_MKL25Z128VLK4_cm0plus -DSDK_OS_BAREMETAL -DFSL_RTOS_BM -DSDK_DEBUGCONSOLE=1 -DCR_INTEGER_PRINTF -DPRINTF_FLOAT_ENABLE=0 -D__MCUXPRESSO -D__USE_CMSIS -DDEBUG -I"/home/sesgaro/Documents/MCUXpresso_25.6.136/workspace/practica_uart/board" -I"/home/sesgaro/Documents/MCUXpresso_25.6.136/workspace/practica_uart/source" -I"/home/sesgaro/Documents/MCUXpresso_25.6.136/workspace/practica_uart" -I"/home/sesgaro/Documents/MCUXpresso_25.6.136/workspace/practica_uart/drivers" -I"/home/sesgaro/Documents/MCUXpresso_25.6.136/workspace/practica_uart/startup" -I"/home/sesgaro/Documents/MCUXpresso_25.6.136/workspace/practica_uart/utilities" -I"/home/sesgaro/Documents/MCUXpresso_25.6.136/workspace/practica_uart/CMSIS" -O0 -fno-common -g3 -gdwarf-4 -Wall -c -fmessage-length=0 -fno-builtin -ffunction-sections -fdata-sections -fmerge-constants -fmacro-prefix-map="../CMSIS/"= -mcpu=cortex-m0plus -mthumb -D__REDLIB__ -fstack-usage -specs=redlib.specs -MMD -MP -MF"CMSIS/system_MKL25Z4.d" -MT"CMSIS/system_MKL25Z4.o" -MT"CMSIS/system_MKL25Z4.d" -o "CMSIS/system_MKL25Z4.o" "../CMSIS/system_MKL25Z4.c"
 4947 | #define UART0                                    ((UART0_Type *)UART0_BASE)
      |                                                    ^~~~~~~~~~
 
Finished building: ../board/peripherals.c
 
../source/practica_uart.c:55:5: note: in expansion of macro 'UART0'
   55 |     UART0->C2 = 0x00;
      |     ^~~~~
Finished building: ../startup/startup_mkl25z4.c
 
Finished building: ../board/pin_mux.c
/home/sesgaro/Documents/MCUXpresso_25.6.136/workspace/practica_uart/CMSIS/MKL25Z4.h:4945:50: error: expected ')' before '(' token
 
 4945 | #define UART0_BASE                               (0x4006A000u)
      |                                                  ^
/home/sesgaro/Documents/MCUXpresso_25.6.136/workspace/practica_uart/CMSIS/MKL25Z4.h:4947:65: note: in expansion of macro 'UART0_BASE'
 4947 | #define UART0                                    ((UART0_Type *)UART0_BASE)
      |                                                                 ^~~~~~~~~~
Finished building: ../drivers/fsl_gpio.c
../source/practica_uart.c:55:5: note: in expansion of macro 'UART0'
   55 |     UART0->C2 = 0x00;
      |     ^~~~~
 
/home/sesgaro/Documents/MCUXpresso_25.6.136/workspace/practica_uart/CMSIS/MKL25Z4.h:4947:52: error: expected identifier or '(' before 'UART0_Type'
 4947 | #define UART0                                    ((UART0_Type *)UART0_BASE)
      |                                                    ^~~~~~~~~~
../source/practica_uart.c:57:5: note: in expansion of macro 'UART0'
Finished building: ../board/board.c
Finished building: ../drivers/fsl_common.c
   57 |     UART0->C4  = 0x0F;
      |     ^~~~~
/home/sesgaro/Documents/MCUXpresso_25.6.136/workspace/practica_uart/CMSIS/MKL25Z4.h:4945:50: error: expected ')' before '(' token
 4945 | #define UART0_BASE                               (0x4006A000u)
      |                                                  ^
Finished building: ../board/clock_config.c
Finished building: ../drivers/fsl_smc.c
 
 
/home/sesgaro/Documents/MCUXpresso_25.6.136/workspace/practica_uart/CMSIS/MKL25Z4.h:4947:65: note: in expansion of macro 'UART0_BASE'
 4947 | #define UART0                                    ((UART0_Type *)UART0_BASE)
      |                                                                 ^~~~~~~~~~
 
 
../source/practica_uart.c:57:5: note: in expansion of macro 'UART0'
   57 |     UART0->C4  = 0x0F;
      |     ^~~~~
/home/sesgaro/Documents/MCUXpresso_25.6.136/workspace/practica_uart/CMSIS/MKL25Z4.h:4947:52: error: expected identifier or '(' before 'UART0_Type'
 4947 | #define UART0                                    ((UART0_Type *)UART0_BASE)
      |                                                    ^~~~~~~~~~
../source/practica_uart.c:58:5: note: in expansion of macro 'UART0'
   58 |     UART0->BDH = 0x00;
      |     ^~~~~
/home/sesgaro/Documents/MCUXpresso_25.6.136/workspace/practica_uart/CMSIS/MKL25Z4.h:4945:50: error: expected ')' before '(' token
 4945 | #define UART0_BASE                               (0x4006A000u)
      |                                                  ^
/home/sesgaro/Documents/MCUXpresso_25.6.136/workspace/practica_uart/CMSIS/MKL25Z4.h:4947:65: note: in expansion of macro 'UART0_BASE'
 4947 | #define UART0                                    ((UART0_Type *)UART0_BASE)
      |                                                                 ^~~~~~~~~~
../source/practica_uart.c:58:5: note: in expansion of macro 'UART0'
   58 |     UART0->BDH = 0x00;
      |     ^~~~~
/home/sesgaro/Documents/MCUXpresso_25.6.136/workspace/practica_uart/CMSIS/MKL25Z4.h:4947:52: error: expected identifier or '(' before 'UART0_Type'
Finished building: ../CMSIS/system_MKL25Z4.c
 4947 | #define UART0                                    ((UART0_Type *)UART0_BASE)
      |                                                    ^~~~~~~~~~
../source/practica_uart.c:59:5: note: in expansion of macro 'UART0'
   59 |     UART0->BDL = 0x0B;
      |     ^~~~~
/home/sesgaro/Documents/MCUXpresso_25.6.136/workspace/practica_uart/CMSIS/MKL25Z4.h:4945:50: error: expected ')' before '(' token
 4945 | #define UART0_BASE                               (0x4006A000u)
 
      |                                                  ^
/home/sesgaro/Documents/MCUXpresso_25.6.136/workspace/practica_uart/CMSIS/MKL25Z4.h:4947:65: note: in expansion of macro 'UART0_BASE'
 4947 | #define UART0                                    ((UART0_Type *)UART0_BASE)
      |                                                                 ^~~~~~~~~~
../source/practica_uart.c:59:5: note: in expansion of macro 'UART0'
   59 |     UART0->BDL = 0x0B;
      |     ^~~~~
/home/sesgaro/Documents/MCUXpresso_25.6.136/workspace/practica_uart/CMSIS/MKL25Z4.h:4947:52: error: expected identifier or '(' before 'UART0_Type'
 4947 | #define UART0                                    ((UART0_Type *)UART0_BASE)
      |                                                    ^~~~~~~~~~
../source/practica_uart.c:61:5: note: in expansion of macro 'UART0'
   61 |     UART0->C1 = 0x00;
      |     ^~~~~
/home/sesgaro/Documents/MCUXpresso_25.6.136/workspace/practica_uart/CMSIS/MKL25Z4.h:4945:50: error: expected ')' before '(' token
 4945 | #define UART0_BASE                               (0x4006A000u)
      |                                                  ^
/home/sesgaro/Documents/MCUXpresso_25.6.136/workspace/practica_uart/CMSIS/MKL25Z4.h:4947:65: note: in expansion of macro 'UART0_BASE'
 4947 | #define UART0                                    ((UART0_Type *)UART0_BASE)
      |                                                                 ^~~~~~~~~~
../source/practica_uart.c:61:5: note: in expansion of macro 'UART0'
   61 |     UART0->C1 = 0x00;
      |     ^~~~~
/home/sesgaro/Documents/MCUXpresso_25.6.136/workspace/practica_uart/CMSIS/MKL25Z4.h:4947:52: error: expected identifier or '(' before 'UART0_Type'
Finished building: ../utilities/fsl_debug_console.c
 4947 | #define UART0                                    ((UART0_Type *)UART0_BASE)
      |                                                    ^~~~~~~~~~
../source/practica_uart.c:62:5: note: in expansion of macro 'UART0'
 
   62 |     UART0->C2 = 0x0C;
      |     ^~~~~
/home/sesgaro/Documents/MCUXpresso_25.6.136/workspace/practica_uart/CMSIS/MKL25Z4.h:4945:50: error: expected ')' before '(' token
 4945 | #define UART0_BASE                               (0x4006A000u)
      |                                                  ^
/home/sesgaro/Documents/MCUXpresso_25.6.136/workspace/practica_uart/CMSIS/MKL25Z4.h:4947:65: note: in expansion of macro 'UART0_BASE'
 4947 | #define UART0                                    ((UART0_Type *)UART0_BASE)
      |                                                                 ^~~~~~~~~~
../source/practica_uart.c:62:5: note: in expansion of macro 'UART0'
   62 |     UART0->C2 = 0x0C;
      |     ^~~~~
/home/sesgaro/Documents/MCUXpresso_25.6.136/workspace/practica_uart/CMSIS/MKL25Z4.h:3926:52: error: expected identifier or '(' before 'SIM_Type'
 3926 | #define SIM                                      ((SIM_Type *)SIM_BASE)
      |                                                    ^~~~~~~~
../source/practica_uart.c:64:5: note: in expansion of macro 'SIM'
   64 |     SIM->SCGC5   |= 0x0200;
      |     ^~~
/home/sesgaro/Documents/MCUXpresso_25.6.136/workspace/practica_uart/CMSIS/MKL25Z4.h:3924:50: error: expected ')' before '(' token
 3924 | #define SIM_BASE                                 (0x40047000u)
      |                                                  ^
/home/sesgaro/Documents/MCUXpresso_25.6.136/workspace/practica_uart/CMSIS/MKL25Z4.h:3926:63: note: in expansion of macro 'SIM_BASE'
 3926 | #define SIM                                      ((SIM_Type *)SIM_BASE)
      |                                                               ^~~~~~~~
../source/practica_uart.c:64:5: note: in expansion of macro 'SIM'
   64 |     SIM->SCGC5   |= 0x0200;
      |     ^~~
/home/sesgaro/Documents/MCUXpresso_25.6.136/workspace/practica_uart/CMSIS/MKL25Z4.h:3198:52: error: expected identifier or '(' before 'PORT_Type'
 3198 | #define PORTA                                    ((PORT_Type *)PORTA_BASE)
      |                                                    ^~~~~~~~~
../source/practica_uart.c:65:5: note: in expansion of macro 'PORTA'
   65 |     PORTA->PCR[2] = 0x0200; //TX
      |     ^~~~~
/home/sesgaro/Documents/MCUXpresso_25.6.136/workspace/practica_uart/CMSIS/MKL25Z4.h:3196:50: error: expected ')' before '(' token
 3196 | #define PORTA_BASE                               (0x40049000u)
      |                                                  ^
/home/sesgaro/Documents/MCUXpresso_25.6.136/workspace/practica_uart/CMSIS/MKL25Z4.h:3198:64: note: in expansion of macro 'PORTA_BASE'
 3198 | #define PORTA                                    ((PORT_Type *)PORTA_BASE)
      |                                                                ^~~~~~~~~~
../source/practica_uart.c:65:5: note: in expansion of macro 'PORTA'
Finished building: ../drivers/fsl_flash.c
   65 |     PORTA->PCR[2] = 0x0200; //TX
      |     ^~~~~
/home/sesgaro/Documents/MCUXpresso_25.6.136/workspace/practica_uart/CMSIS/MKL25Z4.h:3198:52: error: expected identifier or '(' before 'PORT_Type'
 3198 | #define PORTA                                    ((PORT_Type *)PORTA_BASE)
      |                                                    ^~~~~~~~~
../source/practica_uart.c:66:5: note: in expansion of macro 'PORTA'
   66 |     PORTA->PCR[1] = 0x0200; //RX
 
      |     ^~~~~
/home/sesgaro/Documents/MCUXpresso_25.6.136/workspace/practica_uart/CMSIS/MKL25Z4.h:3196:50: error: expected ')' before '(' token
 3196 | #define PORTA_BASE                               (0x40049000u)
      |                                                  ^
/home/sesgaro/Documents/MCUXpresso_25.6.136/workspace/practica_uart/CMSIS/MKL25Z4.h:3198:64: note: in expansion of macro 'PORTA_BASE'
 3198 | #define PORTA                                    ((PORT_Type *)PORTA_BASE)
      |                                                                ^~~~~~~~~~
../source/practica_uart.c:66:5: note: in expansion of macro 'PORTA'
   66 |     PORTA->PCR[1] = 0x0200; //RX
      |     ^~~~~
../source/practica_uart.c:67:1: error: expected identifier or '(' before '}' token
   67 | }
      | ^
../source/practica_uart.c: In function 'timers_init':
../source/practica_uart.c:122:18: error: 'CLK_HZ' undeclared (first use in this function)
Finished building: ../drivers/fsl_uart.c
  122 |     TPM0->MOD = (CLK_HZ / 1000000u) - 1u;
      |                  ^~~~~~
../source/practica_uart.c:122:18: note: each undeclared identifier is reported only once for each function it appears in
../source/practica_uart.c: In function 'delayMs':
../source/practica_uart.c:130:22: error: 'CLK_HZ' undeclared (first use in this function)
  130 |     SysTick->LOAD = (CLK_HZ / 1000u) - 1u;
      |                      ^~~~~~
 
make[1]: *** [source/subdir.mk:24: source/practica_uart.o] Error 1
make[1]: *** Waiting for unfinished jobs....
../utilities/fsl_debug_console.c: In function 'DbgConsole_Getchar':
../utilities/fsl_debug_console.c:482:31: warning: 'ch' may be used uninitialized [-Wmaybe-uninitialized]
  482 |     while (kStatus_Success != s_debugConsole.ops.rx_union.GetChar(s_debugConsole.base, (uint8_t *)(&ch), 1))
      |                               ^~~~~~~~~~~~~~~~~~~~~~~~~~~~~~~~~~~~~~~~~~~~~~~~~~~~~~~~~~~~~~~~~~~~~~~~~~~~~
../utilities/fsl_debug_console.c:482:31: note: by argument 2 of type 'const uint8_t *' {aka 'const unsigned char *'} to 'status_t(void *, const uint8_t *, size_t)' {aka 'int(void *, const unsigned char *, unsigned int)'}
../utilities/fsl_debug_console.c:476:10: note: 'ch' declared here
  476 |     char ch;
      |          ^~
Finished building: ../drivers/fsl_lpsci.c
make: *** [makefile:40: all] Error 2
Finished building: ../drivers/fsl_clock.c
 
 
"make -r -j16 all" terminated with exit code 2. Build might be incomplete.
12:37:00 **** Incremental Build of configuration Debug for project practica_uart ****
make -r -j16 all 
Building file: ../source/practica_uart.c
Invoking: MCU C Compiler
arm-none-eabi-gcc -D__REDLIB__ -DCPU_MKL25Z128VLK4 -DCPU_MKL25Z128VLK4_cm0plus -DSDK_OS_BAREMETAL -DFSL_RTOS_BM -DSDK_DEBUGCONSOLE=1 -DCR_INTEGER_PRINTF -DPRINTF_FLOAT_ENABLE=0 -D__MCUXPRESSO -D__USE_CMSIS -DDEBUG -I"/home/sesgaro/Documents/MCUXpresso_25.6.136/workspace/practica_uart/board" -I"/home/sesgaro/Documents/MCUXpresso_25.6.136/workspace/practica_uart/source" -I"/home/sesgaro/Documents/MCUXpresso_25.6.136/workspace/practica_uart" -I"/home/sesgaro/Documents/MCUXpresso_25.6.136/workspace/practica_uart/drivers" -I"/home/sesgaro/Documents/MCUXpresso_25.6.136/workspace/practica_uart/startup" -I"/home/sesgaro/Documents/MCUXpresso_25.6.136/workspace/practica_uart/utilities" -I"/home/sesgaro/Documents/MCUXpresso_25.6.136/workspace/practica_uart/CMSIS" -O0 -fno-common -g3 -gdwarf-4 -Wall -c -fmessage-length=0 -fno-builtin -ffunction-sections -fdata-sections -fmerge-constants -fmacro-prefix-map="../source/"= -mcpu=cortex-m0plus -mthumb -D__REDLIB__ -fstack-usage -specs=redlib.specs -MMD -MP -MF"source/practica_uart.d" -MT"source/practica_uart.o" -MT"source/practica_uart.d" -o "source/practica_uart.o" "../source/practica_uart.c"
../source/practica_uart.c: In function 'timers_init':
../source/practica_uart.c:122:18: error: 'CLK_HZ' undeclared (first use in this function)
  122 |     TPM0->MOD = (CLK_HZ / 1000000u) - 1u;
      |                  ^~~~~~
../source/practica_uart.c:122:18: note: each undeclared identifier is reported only once for each function it appears in
../source/practica_uart.c: In function 'delayMs':
../source/practica_uart.c:130:22: error: 'CLK_HZ' undeclared (first use in this function)
  130 |     SysTick->LOAD = (CLK_HZ / 1000u) - 1u;
      |                      ^~~~~~
make[1]: *** [source/subdir.mk:26: source/practica_uart.o] Error 1
make: *** [makefile:40: all] Error 2
"make -r -j16 all" terminated with exit code 2. Build might be incomplete.
12:38:18 **** Incremental Build of configuration Debug for project practica_uart ****
make -r -j16 all 
Building file: ../source/practica_uart.c
Invoking: MCU C Compiler
arm-none-eabi-gcc -D__REDLIB__ -DCPU_MKL25Z128VLK4 -DCPU_MKL25Z128VLK4_cm0plus -DSDK_OS_BAREMETAL -DFSL_RTOS_BM -DSDK_DEBUGCONSOLE=1 -DCR_INTEGER_PRINTF -DPRINTF_FLOAT_ENABLE=0 -D__MCUXPRESSO -D__USE_CMSIS -DDEBUG -I"/home/sesgaro/Documents/MCUXpresso_25.6.136/workspace/practica_uart/board" -I"/home/sesgaro/Documents/MCUXpresso_25.6.136/workspace/practica_uart/source" -I"/home/sesgaro/Documents/MCUXpresso_25.6.136/workspace/practica_uart" -I"/home/sesgaro/Documents/MCUXpresso_25.6.136/workspace/practica_uart/drivers" -I"/home/sesgaro/Documents/MCUXpresso_25.6.136/workspace/practica_uart/startup" -I"/home/sesgaro/Documents/MCUXpresso_25.6.136/workspace/practica_uart/utilities" -I"/home/sesgaro/Documents/MCUXpresso_25.6.136/workspace/practica_uart/CMSIS" -O0 -fno-common -g3 -gdwarf-4 -Wall -c -fmessage-length=0 -fno-builtin -ffunction-sections -fdata-sections -fmerge-constants -fmacro-prefix-map="../source/"= -mcpu=cortex-m0plus -mthumb -D__REDLIB__ -fstack-usage -specs=redlib.specs -MMD -MP -MF"source/practica_uart.d" -MT"source/practica_uart.o" -MT"source/practica_uart.d" -o "source/practica_uart.o" "../source/practica_uart.c"
Finished building: ../source/practica_uart.c
 
Building target: practica_uart.axf
Invoking: MCU Linker
arm-none-eabi-gcc -nostdlib -Xlinker -Map="practica_uart.map" -Xlinker --gc-sections -Xlinker -print-memory-usage -Xlinker --sort-section=alignment -Xlinker --cref -mcpu=cortex-m0plus -mthumb -T practica_uart_Debug.ld -o "practica_uart.axf" ./utilities/fsl_debug_console.o  ./startup/startup_mkl25z4.o  ./source/mtb.o ./source/practica_uart.o ./source/semihost_hardfault.o  ./drivers/fsl_clock.o ./drivers/fsl_common.o ./drivers/fsl_flash.o ./drivers/fsl_gpio.o ./drivers/fsl_lpsci.o ./drivers/fsl_smc.o ./drivers/fsl_uart.o  ./board/board.o ./board/clock_config.o ./board/peripherals.o ./board/pin_mux.o  ./CMSIS/system_MKL25Z4.o   
Memory region         Used Size  Region Size  %age Used
   PROGRAM_FLASH:        6176 B       128 KB      4.71%
            SRAM:        2384 B        16 KB     14.55%
Finished building target: practica_uart.axf
 
Performing post-build steps
arm-none-eabi-size "practica_uart.axf"; # arm-none-eabi-objcopy -v -O binary "practica_uart.axf" "practica_uart.bin" ; # checksum -p MKL25Z128xxx4 -d "practica_uart.bin";
   text	   data	    bss	    dec	    hex	filename
   6176	      0	   2384	   8560	   2170	practica_uart.axf
 
12:38:44 **** Incremental Build of configuration Debug for project practica_uart ****
make -r -j16 all 
Building file: ../source/practica_uart.c
Invoking: MCU C Compiler
arm-none-eabi-gcc -D__REDLIB__ -DCPU_MKL25Z128VLK4 -DCPU_MKL25Z128VLK4_cm0plus -DSDK_OS_BAREMETAL -DFSL_RTOS_BM -DSDK_DEBUGCONSOLE=1 -DCR_INTEGER_PRINTF -DPRINTF_FLOAT_ENABLE=0 -D__MCUXPRESSO -D__USE_CMSIS -DDEBUG -I"/home/sesgaro/Documents/MCUXpresso_25.6.136/workspace/practica_uart/board" -I"/home/sesgaro/Documents/MCUXpresso_25.6.136/workspace/practica_uart/source" -I"/home/sesgaro/Documents/MCUXpresso_25.6.136/workspace/practica_uart" -I"/home/sesgaro/Documents/MCUXpresso_25.6.136/workspace/practica_uart/drivers" -I"/home/sesgaro/Documents/MCUXpresso_25.6.136/workspace/practica_uart/startup" -I"/home/sesgaro/Documents/MCUXpresso_25.6.136/workspace/practica_uart/utilities" -I"/home/sesgaro/Documents/MCUXpresso_25.6.136/workspace/practica_uart/CMSIS" -O0 -fno-common -g3 -gdwarf-4 -Wall -c -fmessage-length=0 -fno-builtin -ffunction-sections -fdata-sections -fmerge-constants -fmacro-prefix-map="../source/"= -mcpu=cortex-m0plus -mthumb -D__REDLIB__ -fstack-usage -specs=redlib.specs -MMD -MP -MF"source/practica_uart.d" -MT"source/practica_uart.o" -MT"source/practica_uart.d" -o "source/practica_uart.o" "../source/practica_uart.c"
../source/practica_uart.c:8:27: error: expected '=', ',', ';', 'asm' or '__attribute__' before numeric constant
    8 | const unsigned int CLK_HZ 20970000
      |                           ^~~~~~~~
../source/practica_uart.c: In function 'timers_init':
../source/practica_uart.c:122:18: error: 'CLK_HZ' undeclared (first use in this function)
  122 |     TPM0->MOD = (CLK_HZ / 1000000u) - 1u;
      |                  ^~~~~~
../source/practica_uart.c:122:18: note: each undeclared identifier is reported only once for each function it appears in
../source/practica_uart.c: In function 'delayMs':
../source/practica_uart.c:130:22: error: 'CLK_HZ' undeclared (first use in this function)
  130 |     SysTick->LOAD = (CLK_HZ / 1000u) - 1u;
      |                      ^~~~~~
make[1]: *** [source/subdir.mk:26: source/practica_uart.o] Error 1
make: *** [makefile:40: all] Error 2
"make -r -j16 all" terminated with exit code 2. Build might be incomplete.
12:39:00 **** Clean-only build of configuration Debug for project practica_uart ****
make -r -j16 clean 
rm -rf ./utilities/fsl_debug_console.d ./utilities/fsl_debug_console.o
rm -rf ./startup/startup_mkl25z4.d ./startup/startup_mkl25z4.o
rm -rf ./source/mtb.d ./source/mtb.o ./source/practica_uart.d ./source/practica_uart.o ./source/semihost_hardfault.d ./source/semihost_hardfault.o
rm -rf ./drivers/fsl_clock.d ./drivers/fsl_clock.o ./drivers/fsl_common.d ./drivers/fsl_common.o ./drivers/fsl_flash.d ./drivers/fsl_flash.o ./drivers/fsl_gpio.d ./drivers/fsl_gpio.o ./drivers/fsl_lpsci.d ./drivers/fsl_lpsci.o ./drivers/fsl_smc.d ./drivers/fsl_smc.o ./drivers/fsl_uart.d ./drivers/fsl_uart.o
rm -rf ./board/board.d ./board/board.o ./board/clock_config.d ./board/clock_config.o ./board/peripherals.d ./board/peripherals.o ./board/pin_mux.d ./board/pin_mux.o
rm -rf ./CMSIS/system_MKL25Z4.d ./CMSIS/system_MKL25Z4.o
rm -rf practica_uart.axf
 
12:39:00 **** Clean-only build of configuration Debug for project practica_uart ****
make -r -j16 clean 
rm -rf ./utilities/fsl_debug_console.d ./utilities/fsl_debug_console.o
rm -rf ./startup/startup_mkl25z4.d ./startup/startup_mkl25z4.o
rm -rf ./source/mtb.d ./source/mtb.o ./source/practica_uart.d ./source/practica_uart.o ./source/semihost_hardfault.d ./source/semihost_hardfault.o
rm -rf ./drivers/fsl_clock.d ./drivers/fsl_clock.o ./drivers/fsl_common.d ./drivers/fsl_common.o ./drivers/fsl_flash.d ./drivers/fsl_flash.o ./drivers/fsl_gpio.d ./drivers/fsl_gpio.o ./drivers/fsl_lpsci.d ./drivers/fsl_lpsci.o ./drivers/fsl_smc.d ./drivers/fsl_smc.o ./drivers/fsl_uart.d ./drivers/fsl_uart.o
rm -rf ./board/board.d ./board/board.o ./board/clock_config.d ./board/clock_config.o ./board/peripherals.d ./board/peripherals.o ./board/pin_mux.d ./board/pin_mux.o
rm -rf ./CMSIS/system_MKL25Z4.d ./CMSIS/system_MKL25Z4.o
rm -rf practica_uart.axf
 
12:39:03 **** Build of configuration Debug for project practica_uart ****
make -r -j16 all 
Building file: ../utilities/fsl_debug_console.c
Building file: ../startup/startup_mkl25z4.c
Building file: ../source/mtb.c
Invoking: MCU C Compiler
Invoking: MCU C Compiler
arm-none-eabi-gcc -D__REDLIB__ -DCPU_MKL25Z128VLK4 -DCPU_MKL25Z128VLK4_cm0plus -DSDK_OS_BAREMETAL -DFSL_RTOS_BM -DSDK_DEBUGCONSOLE=1 -DCR_INTEGER_PRINTF -DPRINTF_FLOAT_ENABLE=0 -D__MCUXPRESSO -D__USE_CMSIS -DDEBUG -I"/home/sesgaro/Documents/MCUXpresso_25.6.136/workspace/practica_uart/board" -I"/home/sesgaro/Documents/MCUXpresso_25.6.136/workspace/practica_uart/source" -I"/home/sesgaro/Documents/MCUXpresso_25.6.136/workspace/practica_uart" -I"/home/sesgaro/Documents/MCUXpresso_25.6.136/workspace/practica_uart/drivers" -I"/home/sesgaro/Documents/MCUXpresso_25.6.136/workspace/practica_uart/startup" -I"/home/sesgaro/Documents/MCUXpresso_25.6.136/workspace/practica_uart/utilities" -I"/home/sesgaro/Documents/MCUXpresso_25.6.136/workspace/practica_uart/CMSIS" -O0 -fno-common -g3 -gdwarf-4 -Wall -c -fmessage-length=0 -fno-builtin -ffunction-sections -fdata-sections -fmerge-constants -fmacro-prefix-map="../utilities/"= -mcpu=cortex-m0plus -mthumb -D__REDLIB__ -fstack-usage -specs=redlib.specs -MMD -MP -MF"utilities/fsl_debug_console.d" -MT"utilities/fsl_debug_console.o" -MT"utilities/fsl_debug_console.d" -o "utilities/fsl_debug_console.o" "../utilities/fsl_debug_console.c"
Building file: ../source/practica_uart.c
arm-none-eabi-gcc -D__REDLIB__ -DCPU_MKL25Z128VLK4 -DCPU_MKL25Z128VLK4_cm0plus -DSDK_OS_BAREMETAL -DFSL_RTOS_BM -DSDK_DEBUGCONSOLE=1 -DCR_INTEGER_PRINTF -DPRINTF_FLOAT_ENABLE=0 -D__MCUXPRESSO -D__USE_CMSIS -DDEBUG -I"/home/sesgaro/Documents/MCUXpresso_25.6.136/workspace/practica_uart/board" -I"/home/sesgaro/Documents/MCUXpresso_25.6.136/workspace/practica_uart/source" -I"/home/sesgaro/Documents/MCUXpresso_25.6.136/workspace/practica_uart" -I"/home/sesgaro/Documents/MCUXpresso_25.6.136/workspace/practica_uart/drivers" -I"/home/sesgaro/Documents/MCUXpresso_25.6.136/workspace/practica_uart/startup" -I"/home/sesgaro/Documents/MCUXpresso_25.6.136/workspace/practica_uart/utilities" -I"/home/sesgaro/Documents/MCUXpresso_25.6.136/workspace/practica_uart/CMSIS" -O0 -fno-common -g3 -gdwarf-4 -Wall -c -fmessage-length=0 -fno-builtin -ffunction-sections -fdata-sections -fmerge-constants -fmacro-prefix-map="../startup/"= -mcpu=cortex-m0plus -mthumb -D__REDLIB__ -fstack-usage -specs=redlib.specs -MMD -MP -MF"startup/startup_mkl25z4.d" -MT"startup/startup_mkl25z4.o" -MT"startup/startup_mkl25z4.d" -o "startup/startup_mkl25z4.o" "../startup/startup_mkl25z4.c"
Invoking: MCU C Compiler
arm-none-eabi-gcc -D__REDLIB__ -DCPU_MKL25Z128VLK4 -DCPU_MKL25Z128VLK4_cm0plus -DSDK_OS_BAREMETAL -DFSL_RTOS_BM -DSDK_DEBUGCONSOLE=1 -DCR_INTEGER_PRINTF -DPRINTF_FLOAT_ENABLE=0 -D__MCUXPRESSO -D__USE_CMSIS -DDEBUG -I"/home/sesgaro/Documents/MCUXpresso_25.6.136/workspace/practica_uart/board" -I"/home/sesgaro/Documents/MCUXpresso_25.6.136/workspace/practica_uart/source" -I"/home/sesgaro/Documents/MCUXpresso_25.6.136/workspace/practica_uart" -I"/home/sesgaro/Documents/MCUXpresso_25.6.136/workspace/practica_uart/drivers" -I"/home/sesgaro/Documents/MCUXpresso_25.6.136/workspace/practica_uart/startup" -I"/home/sesgaro/Documents/MCUXpresso_25.6.136/workspace/practica_uart/utilities" -I"/home/sesgaro/Documents/MCUXpresso_25.6.136/workspace/practica_uart/CMSIS" -O0 -fno-common -g3 -gdwarf-4 -Wall -c -fmessage-length=0 -fno-builtin -ffunction-sections -fdata-sections -fmerge-constants -fmacro-prefix-map="../source/"= -mcpu=cortex-m0plus -mthumb -D__REDLIB__ -fstack-usage -specs=redlib.specs -MMD -MP -MF"source/mtb.d" -MT"source/mtb.o" -MT"source/mtb.d" -o "source/mtb.o" "../source/mtb.c"
Invoking: MCU C Compiler
arm-none-eabi-gcc -D__REDLIB__ -DCPU_MKL25Z128VLK4 -DCPU_MKL25Z128VLK4_cm0plus -DSDK_OS_BAREMETAL -DFSL_RTOS_BM -DSDK_DEBUGCONSOLE=1 -DCR_INTEGER_PRINTF -DPRINTF_FLOAT_ENABLE=0 -D__MCUXPRESSO -D__USE_CMSIS -DDEBUG -I"/home/sesgaro/Documents/MCUXpresso_25.6.136/workspace/practica_uart/board" -I"/home/sesgaro/Documents/MCUXpresso_25.6.136/workspace/practica_uart/source" -I"/home/sesgaro/Documents/MCUXpresso_25.6.136/workspace/practica_uart" -I"/home/sesgaro/Documents/MCUXpresso_25.6.136/workspace/practica_uart/drivers" -I"/home/sesgaro/Documents/MCUXpresso_25.6.136/workspace/practica_uart/startup" -I"/home/sesgaro/Documents/MCUXpresso_25.6.136/workspace/practica_uart/utilities" -I"/home/sesgaro/Documents/MCUXpresso_25.6.136/workspace/practica_uart/CMSIS" -O0 -fno-common -g3 -gdwarf-4 -Wall -c -fmessage-length=0 -fno-builtin -ffunction-sections -fdata-sections -fmerge-constants -fmacro-prefix-map="../source/"= -mcpu=cortex-m0plus -mthumb -D__REDLIB__ -fstack-usage -specs=redlib.specs -MMD -MP -MF"source/practica_uart.d" -MT"source/practica_uart.o" -MT"source/practica_uart.d" -o "source/practica_uart.o" "../source/practica_uart.c"
Building file: ../source/semihost_hardfault.c
Building file: ../drivers/fsl_clock.c
Invoking: MCU C Compiler
Building file: ../drivers/fsl_common.c
arm-none-eabi-gcc -D__REDLIB__ -DCPU_MKL25Z128VLK4 -DCPU_MKL25Z128VLK4_cm0plus -DSDK_OS_BAREMETAL -DFSL_RTOS_BM -DSDK_DEBUGCONSOLE=1 -DCR_INTEGER_PRINTF -DPRINTF_FLOAT_ENABLE=0 -D__MCUXPRESSO -D__USE_CMSIS -DDEBUG -I"/home/sesgaro/Documents/MCUXpresso_25.6.136/workspace/practica_uart/board" -I"/home/sesgaro/Documents/MCUXpresso_25.6.136/workspace/practica_uart/source" -I"/home/sesgaro/Documents/MCUXpresso_25.6.136/workspace/practica_uart" -I"/home/sesgaro/Documents/MCUXpresso_25.6.136/workspace/practica_uart/drivers" -I"/home/sesgaro/Documents/MCUXpresso_25.6.136/workspace/practica_uart/startup" -I"/home/sesgaro/Documents/MCUXpresso_25.6.136/workspace/practica_uart/utilities" -I"/home/sesgaro/Documents/MCUXpresso_25.6.136/workspace/practica_uart/CMSIS" -O0 -fno-common -g3 -gdwarf-4 -Wall -c -fmessage-length=0 -fno-builtin -ffunction-sections -fdata-sections -fmerge-constants -fmacro-prefix-map="../source/"= -mcpu=cortex-m0plus -mthumb -D__REDLIB__ -fstack-usage -specs=redlib.specs -MMD -MP -MF"source/semihost_hardfault.d" -MT"source/semihost_hardfault.o" -MT"source/semihost_hardfault.d" -o "source/semihost_hardfault.o" "../source/semihost_hardfault.c"
Invoking: MCU C Compiler
arm-none-eabi-gcc -D__REDLIB__ -DCPU_MKL25Z128VLK4 -DCPU_MKL25Z128VLK4_cm0plus -DSDK_OS_BAREMETAL -DFSL_RTOS_BM -DSDK_DEBUGCONSOLE=1 -DCR_INTEGER_PRINTF -DPRINTF_FLOAT_ENABLE=0 -D__MCUXPRESSO -D__USE_CMSIS -DDEBUG -I"/home/sesgaro/Documents/MCUXpresso_25.6.136/workspace/practica_uart/board" -I"/home/sesgaro/Documents/MCUXpresso_25.6.136/workspace/practica_uart/source" -I"/home/sesgaro/Documents/MCUXpresso_25.6.136/workspace/practica_uart" -I"/home/sesgaro/Documents/MCUXpresso_25.6.136/workspace/practica_uart/drivers" -I"/home/sesgaro/Documents/MCUXpresso_25.6.136/workspace/practica_uart/startup" -I"/home/sesgaro/Documents/MCUXpresso_25.6.136/workspace/practica_uart/utilities" -I"/home/sesgaro/Documents/MCUXpresso_25.6.136/workspace/practica_uart/CMSIS" -O0 -fno-common -g3 -gdwarf-4 -Wall -c -fmessage-length=0 -fno-builtin -ffunction-sections -fdata-sections -fmerge-constants -fmacro-prefix-map="../drivers/"= -mcpu=cortex-m0plus -mthumb -D__REDLIB__ -fstack-usage -specs=redlib.specs -MMD -MP -MF"drivers/fsl_clock.d" -MT"drivers/fsl_clock.o" -MT"drivers/fsl_clock.d" -o "drivers/fsl_clock.o" "../drivers/fsl_clock.c"
Invoking: MCU C Compiler
Building file: ../drivers/fsl_flash.c
arm-none-eabi-gcc -D__REDLIB__ -DCPU_MKL25Z128VLK4 -DCPU_MKL25Z128VLK4_cm0plus -DSDK_OS_BAREMETAL -DFSL_RTOS_BM -DSDK_DEBUGCONSOLE=1 -DCR_INTEGER_PRINTF -DPRINTF_FLOAT_ENABLE=0 -D__MCUXPRESSO -D__USE_CMSIS -DDEBUG -I"/home/sesgaro/Documents/MCUXpresso_25.6.136/workspace/practica_uart/board" -I"/home/sesgaro/Documents/MCUXpresso_25.6.136/workspace/practica_uart/source" -I"/home/sesgaro/Documents/MCUXpresso_25.6.136/workspace/practica_uart" -I"/home/sesgaro/Documents/MCUXpresso_25.6.136/workspace/practica_uart/drivers" -I"/home/sesgaro/Documents/MCUXpresso_25.6.136/workspace/practica_uart/startup" -I"/home/sesgaro/Documents/MCUXpresso_25.6.136/workspace/practica_uart/utilities" -I"/home/sesgaro/Documents/MCUXpresso_25.6.136/workspace/practica_uart/CMSIS" -O0 -fno-common -g3 -gdwarf-4 -Wall -c -fmessage-length=0 -fno-builtin -ffunction-sections -fdata-sections -fmerge-constants -fmacro-prefix-map="../drivers/"= -mcpu=cortex-m0plus -mthumb -D__REDLIB__ -fstack-usage -specs=redlib.specs -MMD -MP -MF"drivers/fsl_common.d" -MT"drivers/fsl_common.o" -MT"drivers/fsl_common.d" -o "drivers/fsl_common.o" "../drivers/fsl_common.c"
Building file: ../drivers/fsl_gpio.c
Invoking: MCU C Compiler
Building file: ../drivers/fsl_lpsci.c
arm-none-eabi-gcc -D__REDLIB__ -DCPU_MKL25Z128VLK4 -DCPU_MKL25Z128VLK4_cm0plus -DSDK_OS_BAREMETAL -DFSL_RTOS_BM -DSDK_DEBUGCONSOLE=1 -DCR_INTEGER_PRINTF -DPRINTF_FLOAT_ENABLE=0 -D__MCUXPRESSO -D__USE_CMSIS -DDEBUG -I"/home/sesgaro/Documents/MCUXpresso_25.6.136/workspace/practica_uart/board" -I"/home/sesgaro/Documents/MCUXpresso_25.6.136/workspace/practica_uart/source" -I"/home/sesgaro/Documents/MCUXpresso_25.6.136/workspace/practica_uart" -I"/home/sesgaro/Documents/MCUXpresso_25.6.136/workspace/practica_uart/drivers" -I"/home/sesgaro/Documents/MCUXpresso_25.6.136/workspace/practica_uart/startup" -I"/home/sesgaro/Documents/MCUXpresso_25.6.136/workspace/practica_uart/utilities" -I"/home/sesgaro/Documents/MCUXpresso_25.6.136/workspace/practica_uart/CMSIS" -O0 -fno-common -g3 -gdwarf-4 -Wall -c -fmessage-length=0 -fno-builtin -ffunction-sections -fdata-sections -fmerge-constants -fmacro-prefix-map="../drivers/"= -mcpu=cortex-m0plus -mthumb -D__REDLIB__ -fstack-usage -specs=redlib.specs -MMD -MP -MF"drivers/fsl_flash.d" -MT"drivers/fsl_flash.o" -MT"drivers/fsl_flash.d" -o "drivers/fsl_flash.o" "../drivers/fsl_flash.c"
Invoking: MCU C Compiler
arm-none-eabi-gcc -D__REDLIB__ -DCPU_MKL25Z128VLK4 -DCPU_MKL25Z128VLK4_cm0plus -DSDK_OS_BAREMETAL -DFSL_RTOS_BM -DSDK_DEBUGCONSOLE=1 -DCR_INTEGER_PRINTF -DPRINTF_FLOAT_ENABLE=0 -D__MCUXPRESSO -D__USE_CMSIS -DDEBUG -I"/home/sesgaro/Documents/MCUXpresso_25.6.136/workspace/practica_uart/board" -I"/home/sesgaro/Documents/MCUXpresso_25.6.136/workspace/practica_uart/source" -I"/home/sesgaro/Documents/MCUXpresso_25.6.136/workspace/practica_uart" -I"/home/sesgaro/Documents/MCUXpresso_25.6.136/workspace/practica_uart/drivers" -I"/home/sesgaro/Documents/MCUXpresso_25.6.136/workspace/practica_uart/startup" -I"/home/sesgaro/Documents/MCUXpresso_25.6.136/workspace/practica_uart/utilities" -I"/home/sesgaro/Documents/MCUXpresso_25.6.136/workspace/practica_uart/CMSIS" -O0 -fno-common -g3 -gdwarf-4 -Wall -c -fmessage-length=0 -fno-builtin -ffunction-sections -fdata-sections -fmerge-constants -fmacro-prefix-map="../drivers/"= -mcpu=cortex-m0plus -mthumb -D__REDLIB__ -fstack-usage -specs=redlib.specs -MMD -MP -MF"drivers/fsl_gpio.d" -MT"drivers/fsl_gpio.o" -MT"drivers/fsl_gpio.d" -o "drivers/fsl_gpio.o" "../drivers/fsl_gpio.c"
Building file: ../drivers/fsl_smc.c
Invoking: MCU C Compiler
arm-none-eabi-gcc -D__REDLIB__ -DCPU_MKL25Z128VLK4 -DCPU_MKL25Z128VLK4_cm0plus -DSDK_OS_BAREMETAL -DFSL_RTOS_BM -DSDK_DEBUGCONSOLE=1 -DCR_INTEGER_PRINTF -DPRINTF_FLOAT_ENABLE=0 -D__MCUXPRESSO -D__USE_CMSIS -DDEBUG -I"/home/sesgaro/Documents/MCUXpresso_25.6.136/workspace/practica_uart/board" -I"/home/sesgaro/Documents/MCUXpresso_25.6.136/workspace/practica_uart/source" -I"/home/sesgaro/Documents/MCUXpresso_25.6.136/workspace/practica_uart" -I"/home/sesgaro/Documents/MCUXpresso_25.6.136/workspace/practica_uart/drivers" -I"/home/sesgaro/Documents/MCUXpresso_25.6.136/workspace/practica_uart/startup" -I"/home/sesgaro/Documents/MCUXpresso_25.6.136/workspace/practica_uart/utilities" -I"/home/sesgaro/Documents/MCUXpresso_25.6.136/workspace/practica_uart/CMSIS" -O0 -fno-common -g3 -gdwarf-4 -Wall -c -fmessage-length=0 -fno-builtin -ffunction-sections -fdata-sections -fmerge-constants -fmacro-prefix-map="../drivers/"= -mcpu=cortex-m0plus -mthumb -D__REDLIB__ -fstack-usage -specs=redlib.specs -MMD -MP -MF"drivers/fsl_lpsci.d" -MT"drivers/fsl_lpsci.o" -MT"drivers/fsl_lpsci.d" -o "drivers/fsl_lpsci.o" "../drivers/fsl_lpsci.c"
Building file: ../drivers/fsl_uart.c
Invoking: MCU C Compiler
arm-none-eabi-gcc -D__REDLIB__ -DCPU_MKL25Z128VLK4 -DCPU_MKL25Z128VLK4_cm0plus -DSDK_OS_BAREMETAL -DFSL_RTOS_BM -DSDK_DEBUGCONSOLE=1 -DCR_INTEGER_PRINTF -DPRINTF_FLOAT_ENABLE=0 -D__MCUXPRESSO -D__USE_CMSIS -DDEBUG -I"/home/sesgaro/Documents/MCUXpresso_25.6.136/workspace/practica_uart/board" -I"/home/sesgaro/Documents/MCUXpresso_25.6.136/workspace/practica_uart/source" -I"/home/sesgaro/Documents/MCUXpresso_25.6.136/workspace/practica_uart" -I"/home/sesgaro/Documents/MCUXpresso_25.6.136/workspace/practica_uart/drivers" -I"/home/sesgaro/Documents/MCUXpresso_25.6.136/workspace/practica_uart/startup" -I"/home/sesgaro/Documents/MCUXpresso_25.6.136/workspace/practica_uart/utilities" -I"/home/sesgaro/Documents/MCUXpresso_25.6.136/workspace/practica_uart/CMSIS" -O0 -fno-common -g3 -gdwarf-4 -Wall -c -fmessage-length=0 -fno-builtin -ffunction-sections -fdata-sections -fmerge-constants -fmacro-prefix-map="../drivers/"= -mcpu=cortex-m0plus -mthumb -D__REDLIB__ -fstack-usage -specs=redlib.specs -MMD -MP -MF"drivers/fsl_smc.d" -MT"drivers/fsl_smc.o" -MT"drivers/fsl_smc.d" -o "drivers/fsl_smc.o" "../drivers/fsl_smc.c"
Building file: ../board/board.c
Invoking: MCU C Compiler
arm-none-eabi-gcc -D__REDLIB__ -DCPU_MKL25Z128VLK4 -DCPU_MKL25Z128VLK4_cm0plus -DSDK_OS_BAREMETAL -DFSL_RTOS_BM -DSDK_DEBUGCONSOLE=1 -DCR_INTEGER_PRINTF -DPRINTF_FLOAT_ENABLE=0 -D__MCUXPRESSO -D__USE_CMSIS -DDEBUG -I"/home/sesgaro/Documents/MCUXpresso_25.6.136/workspace/practica_uart/board" -I"/home/sesgaro/Documents/MCUXpresso_25.6.136/workspace/practica_uart/source" -I"/home/sesgaro/Documents/MCUXpresso_25.6.136/workspace/practica_uart" -I"/home/sesgaro/Documents/MCUXpresso_25.6.136/workspace/practica_uart/drivers" -I"/home/sesgaro/Documents/MCUXpresso_25.6.136/workspace/practica_uart/startup" -I"/home/sesgaro/Documents/MCUXpresso_25.6.136/workspace/practica_uart/utilities" -I"/home/sesgaro/Documents/MCUXpresso_25.6.136/workspace/practica_uart/CMSIS" -O0 -fno-common -g3 -gdwarf-4 -Wall -c -fmessage-length=0 -fno-builtin -ffunction-sections -fdata-sections -fmerge-constants -fmacro-prefix-map="../drivers/"= -mcpu=cortex-m0plus -mthumb -D__REDLIB__ -fstack-usage -specs=redlib.specs -MMD -MP -MF"drivers/fsl_uart.d" -MT"drivers/fsl_uart.o" -MT"drivers/fsl_uart.d" -o "drivers/fsl_uart.o" "../drivers/fsl_uart.c"
Building file: ../board/clock_config.c
Invoking: MCU C Compiler
arm-none-eabi-gcc -D__REDLIB__ -DCPU_MKL25Z128VLK4 -DCPU_MKL25Z128VLK4_cm0plus -DSDK_OS_BAREMETAL -DFSL_RTOS_BM -DSDK_DEBUGCONSOLE=1 -DCR_INTEGER_PRINTF -DPRINTF_FLOAT_ENABLE=0 -D__MCUXPRESSO -D__USE_CMSIS -DDEBUG -I"/home/sesgaro/Documents/MCUXpresso_25.6.136/workspace/practica_uart/board" -I"/home/sesgaro/Documents/MCUXpresso_25.6.136/workspace/practica_uart/source" -I"/home/sesgaro/Documents/MCUXpresso_25.6.136/workspace/practica_uart" -I"/home/sesgaro/Documents/MCUXpresso_25.6.136/workspace/practica_uart/drivers" -I"/home/sesgaro/Documents/MCUXpresso_25.6.136/workspace/practica_uart/startup" -I"/home/sesgaro/Documents/MCUXpresso_25.6.136/workspace/practica_uart/utilities" -I"/home/sesgaro/Documents/MCUXpresso_25.6.136/workspace/practica_uart/CMSIS" -O0 -fno-common -g3 -gdwarf-4 -Wall -c -fmessage-length=0 -fno-builtin -ffunction-sections -fdata-sections -fmerge-constants -fmacro-prefix-map="../board/"= -mcpu=cortex-m0plus -mthumb -D__REDLIB__ -fstack-usage -specs=redlib.specs -MMD -MP -MF"board/board.d" -MT"board/board.o" -MT"board/board.d" -o "board/board.o" "../board/board.c"
Invoking: MCU C Compiler
arm-none-eabi-gcc -D__REDLIB__ -DCPU_MKL25Z128VLK4 -DCPU_MKL25Z128VLK4_cm0plus -DSDK_OS_BAREMETAL -DFSL_RTOS_BM -DSDK_DEBUGCONSOLE=1 -DCR_INTEGER_PRINTF -DPRINTF_FLOAT_ENABLE=0 -D__MCUXPRESSO -D__USE_CMSIS -DDEBUG -I"/home/sesgaro/Documents/MCUXpresso_25.6.136/workspace/practica_uart/board" -I"/home/sesgaro/Documents/MCUXpresso_25.6.136/workspace/practica_uart/source" -I"/home/sesgaro/Documents/MCUXpresso_25.6.136/workspace/practica_uart" -I"/home/sesgaro/Documents/MCUXpresso_25.6.136/workspace/practica_uart/drivers" -I"/home/sesgaro/Documents/MCUXpresso_25.6.136/workspace/practica_uart/startup" -I"/home/sesgaro/Documents/MCUXpresso_25.6.136/workspace/practica_uart/utilities" -I"/home/sesgaro/Documents/MCUXpresso_25.6.136/workspace/practica_uart/CMSIS" -O0 -fno-common -g3 -gdwarf-4 -Wall -c -fmessage-length=0 -fno-builtin -ffunction-sections -fdata-sections -fmerge-constants -fmacro-prefix-map="../board/"= -mcpu=cortex-m0plus -mthumb -D__REDLIB__ -fstack-usage -specs=redlib.specs -MMD -MP -MF"board/clock_config.d" -MT"board/clock_config.o" -MT"board/clock_config.d" -o "board/clock_config.o" "../board/clock_config.c"
Building file: ../board/peripherals.c
Building file: ../board/pin_mux.c
Invoking: MCU C Compiler
arm-none-eabi-gcc -D__REDLIB__ -DCPU_MKL25Z128VLK4 -DCPU_MKL25Z128VLK4_cm0plus -DSDK_OS_BAREMETAL -DFSL_RTOS_BM -DSDK_DEBUGCONSOLE=1 -DCR_INTEGER_PRINTF -DPRINTF_FLOAT_ENABLE=0 -D__MCUXPRESSO -D__USE_CMSIS -DDEBUG -I"/home/sesgaro/Documents/MCUXpresso_25.6.136/workspace/practica_uart/board" -I"/home/sesgaro/Documents/MCUXpresso_25.6.136/workspace/practica_uart/source" -I"/home/sesgaro/Documents/MCUXpresso_25.6.136/workspace/practica_uart" -I"/home/sesgaro/Documents/MCUXpresso_25.6.136/workspace/practica_uart/drivers" -I"/home/sesgaro/Documents/MCUXpresso_25.6.136/workspace/practica_uart/startup" -I"/home/sesgaro/Documents/MCUXpresso_25.6.136/workspace/practica_uart/utilities" -I"/home/sesgaro/Documents/MCUXpresso_25.6.136/workspace/practica_uart/CMSIS" -O0 -fno-common -g3 -gdwarf-4 -Wall -c -fmessage-length=0 -fno-builtin -ffunction-sections -fdata-sections -fmerge-constants -fmacro-prefix-map="../board/"= -mcpu=cortex-m0plus -mthumb -D__REDLIB__ -fstack-usage -specs=redlib.specs -MMD -MP -MF"board/peripherals.d" -MT"board/peripherals.o" -MT"board/peripherals.d" -o "board/peripherals.o" "../board/peripherals.c"
Invoking: MCU C Compiler
arm-none-eabi-gcc -D__REDLIB__ -DCPU_MKL25Z128VLK4 -DCPU_MKL25Z128VLK4_cm0plus -DSDK_OS_BAREMETAL -DFSL_RTOS_BM -DSDK_DEBUGCONSOLE=1 -DCR_INTEGER_PRINTF -DPRINTF_FLOAT_ENABLE=0 -D__MCUXPRESSO -D__USE_CMSIS -DDEBUG -I"/home/sesgaro/Documents/MCUXpresso_25.6.136/workspace/practica_uart/board" -I"/home/sesgaro/Documents/MCUXpresso_25.6.136/workspace/practica_uart/source" -I"/home/sesgaro/Documents/MCUXpresso_25.6.136/workspace/practica_uart" -I"/home/sesgaro/Documents/MCUXpresso_25.6.136/workspace/practica_uart/drivers" -I"/home/sesgaro/Documents/MCUXpresso_25.6.136/workspace/practica_uart/startup" -I"/home/sesgaro/Documents/MCUXpresso_25.6.136/workspace/practica_uart/utilities" -I"/home/sesgaro/Documents/MCUXpresso_25.6.136/workspace/practica_uart/CMSIS" -O0 -fno-common -g3 -gdwarf-4 -Wall -c -fmessage-length=0 -fno-builtin -ffunction-sections -fdata-sections -fmerge-constants -fmacro-prefix-map="../board/"= -mcpu=cortex-m0plus -mthumb -D__REDLIB__ -fstack-usage -specs=redlib.specs -MMD -MP -MF"board/pin_mux.d" -MT"board/pin_mux.o" -MT"board/pin_mux.d" -o "board/pin_mux.o" "../board/pin_mux.c"
Finished building: ../source/semihost_hardfault.c
 
Building file: ../CMSIS/system_MKL25Z4.c
Invoking: MCU C Compiler
arm-none-eabi-gcc -D__REDLIB__ -DCPU_MKL25Z128VLK4 -DCPU_MKL25Z128VLK4_cm0plus -DSDK_OS_BAREMETAL -DFSL_RTOS_BM -DSDK_DEBUGCONSOLE=1 -DCR_INTEGER_PRINTF -DPRINTF_FLOAT_ENABLE=0 -D__MCUXPRESSO -D__USE_CMSIS -DDEBUG -I"/home/sesgaro/Documents/MCUXpresso_25.6.136/workspace/practica_uart/board" -I"/home/sesgaro/Documents/MCUXpresso_25.6.136/workspace/practica_uart/source" -I"/home/sesgaro/Documents/MCUXpresso_25.6.136/workspace/practica_uart" -I"/home/sesgaro/Documents/MCUXpresso_25.6.136/workspace/practica_uart/drivers" -I"/home/sesgaro/Documents/MCUXpresso_25.6.136/workspace/practica_uart/startup" -I"/home/sesgaro/Documents/MCUXpresso_25.6.136/workspace/practica_uart/utilities" -I"/home/sesgaro/Documents/MCUXpresso_25.6.136/workspace/practica_uart/CMSIS" -O0 -fno-common -g3 -gdwarf-4 -Wall -c -fmessage-length=0 -fno-builtin -ffunction-sections -fdata-sections -fmerge-constants -fmacro-prefix-map="../CMSIS/"= -mcpu=cortex-m0plus -mthumb -D__REDLIB__ -fstack-usage -specs=redlib.specs -MMD -MP -MF"CMSIS/system_MKL25Z4.d" -MT"CMSIS/system_MKL25Z4.o" -MT"CMSIS/system_MKL25Z4.d" -o "CMSIS/system_MKL25Z4.o" "../CMSIS/system_MKL25Z4.c"
Finished building: ../source/mtb.c
 
../utilities/fsl_debug_console.c: In function 'DbgConsole_Getchar':
Finished building: ../board/peripherals.c
../utilities/fsl_debug_console.c:482:31: warning: 'ch' may be used uninitialized [-Wmaybe-uninitialized]
  482 |     while (kStatus_Success != s_debugConsole.ops.rx_union.GetChar(s_debugConsole.base, (uint8_t *)(&ch), 1))
      |                               ^~~~~~~~~~~~~~~~~~~~~~~~~~~~~~~~~~~~~~~~~~~~~~~~~~~~~~~~~~~~~~~~~~~~~~~~~~~~~
../utilities/fsl_debug_console.c:482:31: note: by argument 2 of type 'const uint8_t *' {aka 'const unsigned char *'} to 'status_t(void *, const uint8_t *, size_t)' {aka 'int(void *, const unsigned char *, unsigned int)'}
../utilities/fsl_debug_console.c:476:10: note: 'ch' declared here
  476 |     char ch;
      |          ^~
 
Finished building: ../startup/startup_mkl25z4.c
 
Finished building: ../board/board.c
Finished building: ../drivers/fsl_gpio.c
 
Finished building: ../drivers/fsl_common.c
 
 
Finished building: ../drivers/fsl_smc.c
 
Finished building: ../board/clock_config.c
Finished building: ../source/practica_uart.c
Finished building: ../board/pin_mux.c
 
 
 
Finished building: ../CMSIS/system_MKL25Z4.c
 
Finished building: ../utilities/fsl_debug_console.c
 
Finished building: ../drivers/fsl_uart.c
 
Finished building: ../drivers/fsl_lpsci.c
 
Finished building: ../drivers/fsl_flash.c
 
Finished building: ../drivers/fsl_clock.c
 
Building target: practica_uart.axf
Invoking: MCU Linker
arm-none-eabi-gcc -nostdlib -Xlinker -Map="practica_uart.map" -Xlinker --gc-sections -Xlinker -print-memory-usage -Xlinker --sort-section=alignment -Xlinker --cref -mcpu=cortex-m0plus -mthumb -T practica_uart_Debug.ld -o "practica_uart.axf" ./utilities/fsl_debug_console.o  ./startup/startup_mkl25z4.o  ./source/mtb.o ./source/practica_uart.o ./source/semihost_hardfault.o  ./drivers/fsl_clock.o ./drivers/fsl_common.o ./drivers/fsl_flash.o ./drivers/fsl_gpio.o ./drivers/fsl_lpsci.o ./drivers/fsl_smc.o ./drivers/fsl_uart.o  ./board/board.o ./board/clock_config.o ./board/peripherals.o ./board/pin_mux.o  ./CMSIS/system_MKL25Z4.o   
Memory region         Used Size  Region Size  %age Used
   PROGRAM_FLASH:        6216 B       128 KB      4.74%
            SRAM:        2384 B        16 KB     14.55%
Finished building target: practica_uart.axf
 
Performing post-build steps
arm-none-eabi-size "practica_uart.axf"; # arm-none-eabi-objcopy -v -O binary "practica_uart.axf" "practica_uart.bin" ; # checksum -p MKL25Z128xxx4 -d "practica_uart.bin";
   text	   data	    bss	    dec	    hex	filename
   6216	      0	   2384	   8600	   2198	practica_uart.axf
 
18:17:44 **** Build of configuration Debug for project practica_uart ****
make -r -j16 all 
Building file: ../source/practica_uart.c
Invoking: MCU C Compiler
arm-none-eabi-gcc -D__REDLIB__ -DCPU_MKL25Z128VLK4 -DCPU_MKL25Z128VLK4_cm0plus -DSDK_OS_BAREMETAL -DFSL_RTOS_BM -DSDK_DEBUGCONSOLE=1 -DCR_INTEGER_PRINTF -DPRINTF_FLOAT_ENABLE=0 -D__MCUXPRESSO -D__USE_CMSIS -DDEBUG -I"/home/sesgaro/Documents/MCUXpresso_25.6.136/workspace/practica_uart/board" -I"/home/sesgaro/Documents/MCUXpresso_25.6.136/workspace/practica_uart/source" -I"/home/sesgaro/Documents/MCUXpresso_25.6.136/workspace/practica_uart" -I"/home/sesgaro/Documents/MCUXpresso_25.6.136/workspace/practica_uart/drivers" -I"/home/sesgaro/Documents/MCUXpresso_25.6.136/workspace/practica_uart/startup" -I"/home/sesgaro/Documents/MCUXpresso_25.6.136/workspace/practica_uart/utilities" -I"/home/sesgaro/Documents/MCUXpresso_25.6.136/workspace/practica_uart/CMSIS" -O0 -fno-common -g3 -gdwarf-4 -Wall -c -fmessage-length=0 -fno-builtin -ffunction-sections -fdata-sections -fmerge-constants -fmacro-prefix-map="../source/"= -mcpu=cortex-m0plus -mthumb -D__REDLIB__ -fstack-usage -specs=redlib.specs -MMD -MP -MF"source/practica_uart.d" -MT"source/practica_uart.o" -MT"source/practica_uart.d" -o "source/practica_uart.o" "../source/practica_uart.c"
Finished building: ../source/practica_uart.c
 
Building target: practica_uart.axf
Invoking: MCU Linker
arm-none-eabi-gcc -nostdlib -Xlinker -Map="practica_uart.map" -Xlinker --gc-sections -Xlinker -print-memory-usage -Xlinker --sort-section=alignment -Xlinker --cref -mcpu=cortex-m0plus -mthumb -T practica_uart_Debug.ld -o "practica_uart.axf" ./utilities/fsl_debug_console.o  ./startup/startup_mkl25z4.o  ./source/mtb.o ./source/practica_uart.o ./source/semihost_hardfault.o  ./drivers/fsl_clock.o ./drivers/fsl_common.o ./drivers/fsl_flash.o ./drivers/fsl_gpio.o ./drivers/fsl_lpsci.o ./drivers/fsl_smc.o ./drivers/fsl_uart.o  ./board/board.o ./board/clock_config.o ./board/peripherals.o ./board/pin_mux.o  ./CMSIS/system_MKL25Z4.o   
Memory region         Used Size  Region Size  %age Used
   PROGRAM_FLASH:        6216 B       128 KB      4.74%
            SRAM:        2384 B        16 KB     14.55%
Finished building target: practica_uart.axf
 
Performing post-build steps
arm-none-eabi-size "practica_uart.axf"; # arm-none-eabi-objcopy -v -O binary "practica_uart.axf" "practica_uart.bin" ; # checksum -p MKL25Z128xxx4 -d "practica_uart.bin";
   text	   data	    bss	    dec	    hex	filename
   6216	      0	   2384	   8600	   2198	practica_uart.axf
 
18:17:52 **** Build of configuration Debug for project practica_uart ****
make -r -j16 all 
make[1]: Nothing to be done for 'main-build'.
Performing post-build steps
arm-none-eabi-size "practica_uart.axf"; # arm-none-eabi-objcopy -v -O binary "practica_uart.axf" "practica_uart.bin" ; # checksum -p MKL25Z128xxx4 -d "practica_uart.bin";
   text	   data	    bss	    dec	    hex	filename
   6216	      0	   2384	   8600	   2198	practica_uart.axf
 
18:25:23 **** Build of configuration Debug for project MKL25Z4_RX ****
make -r -j16 all 
Building file: ../utilities/fsl_debug_console.c
Building file: ../startup/startup_mkl25z4.c
Building file: ../source/MKL25Z4_RX.c
Invoking: MCU C Compiler
Invoking: MCU C Compiler
arm-none-eabi-gcc -D__REDLIB__ -DCPU_MKL25Z128VLK4 -DCPU_MKL25Z128VLK4_cm0plus -DSDK_OS_BAREMETAL -DFSL_RTOS_BM -DSDK_DEBUGCONSOLE=1 -DCR_INTEGER_PRINTF -DPRINTF_FLOAT_ENABLE=0 -D__MCUXPRESSO -D__USE_CMSIS -DDEBUG -I"/home/sesgaro/Documents/MCUXpresso_25.6.136/workspace/MKL25Z4_RX/board" -I"/home/sesgaro/Documents/MCUXpresso_25.6.136/workspace/MKL25Z4_RX/source" -I"/home/sesgaro/Documents/MCUXpresso_25.6.136/workspace/MKL25Z4_RX" -I"/home/sesgaro/Documents/MCUXpresso_25.6.136/workspace/MKL25Z4_RX/drivers" -I"/home/sesgaro/Documents/MCUXpresso_25.6.136/workspace/MKL25Z4_RX/startup" -I"/home/sesgaro/Documents/MCUXpresso_25.6.136/workspace/MKL25Z4_RX/utilities" -I"/home/sesgaro/Documents/MCUXpresso_25.6.136/workspace/MKL25Z4_RX/CMSIS" -O0 -fno-common -g3 -gdwarf-4 -Wall -c -fmessage-length=0 -fno-builtin -ffunction-sections -fdata-sections -fmerge-constants -fmacro-prefix-map="../utilities/"= -mcpu=cortex-m0plus -mthumb -D__REDLIB__ -fstack-usage -specs=redlib.specs -MMD -MP -MF"utilities/fsl_debug_console.d" -MT"utilities/fsl_debug_console.o" -MT"utilities/fsl_debug_console.d" -o "utilities/fsl_debug_console.o" "../utilities/fsl_debug_console.c"
Building file: ../source/mtb.c
arm-none-eabi-gcc -D__REDLIB__ -DCPU_MKL25Z128VLK4 -DCPU_MKL25Z128VLK4_cm0plus -DSDK_OS_BAREMETAL -DFSL_RTOS_BM -DSDK_DEBUGCONSOLE=1 -DCR_INTEGER_PRINTF -DPRINTF_FLOAT_ENABLE=0 -D__MCUXPRESSO -D__USE_CMSIS -DDEBUG -I"/home/sesgaro/Documents/MCUXpresso_25.6.136/workspace/MKL25Z4_RX/board" -I"/home/sesgaro/Documents/MCUXpresso_25.6.136/workspace/MKL25Z4_RX/source" -I"/home/sesgaro/Documents/MCUXpresso_25.6.136/workspace/MKL25Z4_RX" -I"/home/sesgaro/Documents/MCUXpresso_25.6.136/workspace/MKL25Z4_RX/drivers" -I"/home/sesgaro/Documents/MCUXpresso_25.6.136/workspace/MKL25Z4_RX/startup" -I"/home/sesgaro/Documents/MCUXpresso_25.6.136/workspace/MKL25Z4_RX/utilities" -I"/home/sesgaro/Documents/MCUXpresso_25.6.136/workspace/MKL25Z4_RX/CMSIS" -O0 -fno-common -g3 -gdwarf-4 -Wall -c -fmessage-length=0 -fno-builtin -ffunction-sections -fdata-sections -fmerge-constants -fmacro-prefix-map="../startup/"= -mcpu=cortex-m0plus -mthumb -D__REDLIB__ -fstack-usage -specs=redlib.specs -MMD -MP -MF"startup/startup_mkl25z4.d" -MT"startup/startup_mkl25z4.o" -MT"startup/startup_mkl25z4.d" -o "startup/startup_mkl25z4.o" "../startup/startup_mkl25z4.c"
Invoking: MCU C Compiler
arm-none-eabi-gcc -D__REDLIB__ -DCPU_MKL25Z128VLK4 -DCPU_MKL25Z128VLK4_cm0plus -DSDK_OS_BAREMETAL -DFSL_RTOS_BM -DSDK_DEBUGCONSOLE=1 -DCR_INTEGER_PRINTF -DPRINTF_FLOAT_ENABLE=0 -D__MCUXPRESSO -D__USE_CMSIS -DDEBUG -I"/home/sesgaro/Documents/MCUXpresso_25.6.136/workspace/MKL25Z4_RX/board" -I"/home/sesgaro/Documents/MCUXpresso_25.6.136/workspace/MKL25Z4_RX/source" -I"/home/sesgaro/Documents/MCUXpresso_25.6.136/workspace/MKL25Z4_RX" -I"/home/sesgaro/Documents/MCUXpresso_25.6.136/workspace/MKL25Z4_RX/drivers" -I"/home/sesgaro/Documents/MCUXpresso_25.6.136/workspace/MKL25Z4_RX/startup" -I"/home/sesgaro/Documents/MCUXpresso_25.6.136/workspace/MKL25Z4_RX/utilities" -I"/home/sesgaro/Documents/MCUXpresso_25.6.136/workspace/MKL25Z4_RX/CMSIS" -O0 -fno-common -g3 -gdwarf-4 -Wall -c -fmessage-length=0 -fno-builtin -ffunction-sections -fdata-sections -fmerge-constants -fmacro-prefix-map="../source/"= -mcpu=cortex-m0plus -mthumb -D__REDLIB__ -fstack-usage -specs=redlib.specs -MMD -MP -MF"source/MKL25Z4_RX.d" -MT"source/MKL25Z4_RX.o" -MT"source/MKL25Z4_RX.d" -o "source/MKL25Z4_RX.o" "../source/MKL25Z4_RX.c"
Invoking: MCU C Compiler
arm-none-eabi-gcc -D__REDLIB__ -DCPU_MKL25Z128VLK4 -DCPU_MKL25Z128VLK4_cm0plus -DSDK_OS_BAREMETAL -DFSL_RTOS_BM -DSDK_DEBUGCONSOLE=1 -DCR_INTEGER_PRINTF -DPRINTF_FLOAT_ENABLE=0 -D__MCUXPRESSO -D__USE_CMSIS -DDEBUG -I"/home/sesgaro/Documents/MCUXpresso_25.6.136/workspace/MKL25Z4_RX/board" -I"/home/sesgaro/Documents/MCUXpresso_25.6.136/workspace/MKL25Z4_RX/source" -I"/home/sesgaro/Documents/MCUXpresso_25.6.136/workspace/MKL25Z4_RX" -I"/home/sesgaro/Documents/MCUXpresso_25.6.136/workspace/MKL25Z4_RX/drivers" -I"/home/sesgaro/Documents/MCUXpresso_25.6.136/workspace/MKL25Z4_RX/startup" -I"/home/sesgaro/Documents/MCUXpresso_25.6.136/workspace/MKL25Z4_RX/utilities" -I"/home/sesgaro/Documents/MCUXpresso_25.6.136/workspace/MKL25Z4_RX/CMSIS" -O0 -fno-common -g3 -gdwarf-4 -Wall -c -fmessage-length=0 -fno-builtin -ffunction-sections -fdata-sections -fmerge-constants -fmacro-prefix-map="../source/"= -mcpu=cortex-m0plus -mthumb -D__REDLIB__ -fstack-usage -specs=redlib.specs -MMD -MP -MF"source/mtb.d" -MT"source/mtb.o" -MT"source/mtb.d" -o "source/mtb.o" "../source/mtb.c"
Building file: ../source/semihost_hardfault.c
Building file: ../drivers/fsl_clock.c
Building file: ../drivers/fsl_common.c
Invoking: MCU C Compiler
Building file: ../drivers/fsl_flash.c
arm-none-eabi-gcc -D__REDLIB__ -DCPU_MKL25Z128VLK4 -DCPU_MKL25Z128VLK4_cm0plus -DSDK_OS_BAREMETAL -DFSL_RTOS_BM -DSDK_DEBUGCONSOLE=1 -DCR_INTEGER_PRINTF -DPRINTF_FLOAT_ENABLE=0 -D__MCUXPRESSO -D__USE_CMSIS -DDEBUG -I"/home/sesgaro/Documents/MCUXpresso_25.6.136/workspace/MKL25Z4_RX/board" -I"/home/sesgaro/Documents/MCUXpresso_25.6.136/workspace/MKL25Z4_RX/source" -I"/home/sesgaro/Documents/MCUXpresso_25.6.136/workspace/MKL25Z4_RX" -I"/home/sesgaro/Documents/MCUXpresso_25.6.136/workspace/MKL25Z4_RX/drivers" -I"/home/sesgaro/Documents/MCUXpresso_25.6.136/workspace/MKL25Z4_RX/startup" -I"/home/sesgaro/Documents/MCUXpresso_25.6.136/workspace/MKL25Z4_RX/utilities" -I"/home/sesgaro/Documents/MCUXpresso_25.6.136/workspace/MKL25Z4_RX/CMSIS" -O0 -fno-common -g3 -gdwarf-4 -Wall -c -fmessage-length=0 -fno-builtin -ffunction-sections -fdata-sections -fmerge-constants -fmacro-prefix-map="../source/"= -mcpu=cortex-m0plus -mthumb -D__REDLIB__ -fstack-usage -specs=redlib.specs -MMD -MP -MF"source/semihost_hardfault.d" -MT"source/semihost_hardfault.o" -MT"source/semihost_hardfault.d" -o "source/semihost_hardfault.o" "../source/semihost_hardfault.c"
Invoking: MCU C Compiler
Invoking: MCU C Compiler
arm-none-eabi-gcc -D__REDLIB__ -DCPU_MKL25Z128VLK4 -DCPU_MKL25Z128VLK4_cm0plus -DSDK_OS_BAREMETAL -DFSL_RTOS_BM -DSDK_DEBUGCONSOLE=1 -DCR_INTEGER_PRINTF -DPRINTF_FLOAT_ENABLE=0 -D__MCUXPRESSO -D__USE_CMSIS -DDEBUG -I"/home/sesgaro/Documents/MCUXpresso_25.6.136/workspace/MKL25Z4_RX/board" -I"/home/sesgaro/Documents/MCUXpresso_25.6.136/workspace/MKL25Z4_RX/source" -I"/home/sesgaro/Documents/MCUXpresso_25.6.136/workspace/MKL25Z4_RX" -I"/home/sesgaro/Documents/MCUXpresso_25.6.136/workspace/MKL25Z4_RX/drivers" -I"/home/sesgaro/Documents/MCUXpresso_25.6.136/workspace/MKL25Z4_RX/startup" -I"/home/sesgaro/Documents/MCUXpresso_25.6.136/workspace/MKL25Z4_RX/utilities" -I"/home/sesgaro/Documents/MCUXpresso_25.6.136/workspace/MKL25Z4_RX/CMSIS" -O0 -fno-common -g3 -gdwarf-4 -Wall -c -fmessage-length=0 -fno-builtin -ffunction-sections -fdata-sections -fmerge-constants -fmacro-prefix-map="../drivers/"= -mcpu=cortex-m0plus -mthumb -D__REDLIB__ -fstack-usage -specs=redlib.specs -MMD -MP -MF"drivers/fsl_clock.d" -MT"drivers/fsl_clock.o" -MT"drivers/fsl_clock.d" -o "drivers/fsl_clock.o" "../drivers/fsl_clock.c"
Invoking: MCU C Compiler
arm-none-eabi-gcc -D__REDLIB__ -DCPU_MKL25Z128VLK4 -DCPU_MKL25Z128VLK4_cm0plus -DSDK_OS_BAREMETAL -DFSL_RTOS_BM -DSDK_DEBUGCONSOLE=1 -DCR_INTEGER_PRINTF -DPRINTF_FLOAT_ENABLE=0 -D__MCUXPRESSO -D__USE_CMSIS -DDEBUG -I"/home/sesgaro/Documents/MCUXpresso_25.6.136/workspace/MKL25Z4_RX/board" -I"/home/sesgaro/Documents/MCUXpresso_25.6.136/workspace/MKL25Z4_RX/source" -I"/home/sesgaro/Documents/MCUXpresso_25.6.136/workspace/MKL25Z4_RX" -I"/home/sesgaro/Documents/MCUXpresso_25.6.136/workspace/MKL25Z4_RX/drivers" -I"/home/sesgaro/Documents/MCUXpresso_25.6.136/workspace/MKL25Z4_RX/startup" -I"/home/sesgaro/Documents/MCUXpresso_25.6.136/workspace/MKL25Z4_RX/utilities" -I"/home/sesgaro/Documents/MCUXpresso_25.6.136/workspace/MKL25Z4_RX/CMSIS" -O0 -fno-common -g3 -gdwarf-4 -Wall -c -fmessage-length=0 -fno-builtin -ffunction-sections -fdata-sections -fmerge-constants -fmacro-prefix-map="../drivers/"= -mcpu=cortex-m0plus -mthumb -D__REDLIB__ -fstack-usage -specs=redlib.specs -MMD -MP -MF"drivers/fsl_common.d" -MT"drivers/fsl_common.o" -MT"drivers/fsl_common.d" -o "drivers/fsl_common.o" "../drivers/fsl_common.c"
Building file: ../drivers/fsl_gpio.c
arm-none-eabi-gcc -D__REDLIB__ -DCPU_MKL25Z128VLK4 -DCPU_MKL25Z128VLK4_cm0plus -DSDK_OS_BAREMETAL -DFSL_RTOS_BM -DSDK_DEBUGCONSOLE=1 -DCR_INTEGER_PRINTF -DPRINTF_FLOAT_ENABLE=0 -D__MCUXPRESSO -D__USE_CMSIS -DDEBUG -I"/home/sesgaro/Documents/MCUXpresso_25.6.136/workspace/MKL25Z4_RX/board" -I"/home/sesgaro/Documents/MCUXpresso_25.6.136/workspace/MKL25Z4_RX/source" -I"/home/sesgaro/Documents/MCUXpresso_25.6.136/workspace/MKL25Z4_RX" -I"/home/sesgaro/Documents/MCUXpresso_25.6.136/workspace/MKL25Z4_RX/drivers" -I"/home/sesgaro/Documents/MCUXpresso_25.6.136/workspace/MKL25Z4_RX/startup" -I"/home/sesgaro/Documents/MCUXpresso_25.6.136/workspace/MKL25Z4_RX/utilities" -I"/home/sesgaro/Documents/MCUXpresso_25.6.136/workspace/MKL25Z4_RX/CMSIS" -O0 -fno-common -g3 -gdwarf-4 -Wall -c -fmessage-length=0 -fno-builtin -ffunction-sections -fdata-sections -fmerge-constants -fmacro-prefix-map="../drivers/"= -mcpu=cortex-m0plus -mthumb -D__REDLIB__ -fstack-usage -specs=redlib.specs -MMD -MP -MF"drivers/fsl_flash.d" -MT"drivers/fsl_flash.o" -MT"drivers/fsl_flash.d" -o "drivers/fsl_flash.o" "../drivers/fsl_flash.c"
Invoking: MCU C Compiler
Building file: ../drivers/fsl_lpsci.c
Building file: ../drivers/fsl_smc.c
arm-none-eabi-gcc -D__REDLIB__ -DCPU_MKL25Z128VLK4 -DCPU_MKL25Z128VLK4_cm0plus -DSDK_OS_BAREMETAL -DFSL_RTOS_BM -DSDK_DEBUGCONSOLE=1 -DCR_INTEGER_PRINTF -DPRINTF_FLOAT_ENABLE=0 -D__MCUXPRESSO -D__USE_CMSIS -DDEBUG -I"/home/sesgaro/Documents/MCUXpresso_25.6.136/workspace/MKL25Z4_RX/board" -I"/home/sesgaro/Documents/MCUXpresso_25.6.136/workspace/MKL25Z4_RX/source" -I"/home/sesgaro/Documents/MCUXpresso_25.6.136/workspace/MKL25Z4_RX" -I"/home/sesgaro/Documents/MCUXpresso_25.6.136/workspace/MKL25Z4_RX/drivers" -I"/home/sesgaro/Documents/MCUXpresso_25.6.136/workspace/MKL25Z4_RX/startup" -I"/home/sesgaro/Documents/MCUXpresso_25.6.136/workspace/MKL25Z4_RX/utilities" -I"/home/sesgaro/Documents/MCUXpresso_25.6.136/workspace/MKL25Z4_RX/CMSIS" -O0 -fno-common -g3 -gdwarf-4 -Wall -c -fmessage-length=0 -fno-builtin -ffunction-sections -fdata-sections -fmerge-constants -fmacro-prefix-map="../drivers/"= -mcpu=cortex-m0plus -mthumb -D__REDLIB__ -fstack-usage -specs=redlib.specs -MMD -MP -MF"drivers/fsl_gpio.d" -MT"drivers/fsl_gpio.o" -MT"drivers/fsl_gpio.d" -o "drivers/fsl_gpio.o" "../drivers/fsl_gpio.c"
Building file: ../drivers/fsl_uart.c
Building file: ../board/board.c
Invoking: MCU C Compiler
Invoking: MCU C Compiler
Invoking: MCU C Compiler
Building file: ../board/clock_config.c
arm-none-eabi-gcc -D__REDLIB__ -DCPU_MKL25Z128VLK4 -DCPU_MKL25Z128VLK4_cm0plus -DSDK_OS_BAREMETAL -DFSL_RTOS_BM -DSDK_DEBUGCONSOLE=1 -DCR_INTEGER_PRINTF -DPRINTF_FLOAT_ENABLE=0 -D__MCUXPRESSO -D__USE_CMSIS -DDEBUG -I"/home/sesgaro/Documents/MCUXpresso_25.6.136/workspace/MKL25Z4_RX/board" -I"/home/sesgaro/Documents/MCUXpresso_25.6.136/workspace/MKL25Z4_RX/source" -I"/home/sesgaro/Documents/MCUXpresso_25.6.136/workspace/MKL25Z4_RX" -I"/home/sesgaro/Documents/MCUXpresso_25.6.136/workspace/MKL25Z4_RX/drivers" -I"/home/sesgaro/Documents/MCUXpresso_25.6.136/workspace/MKL25Z4_RX/startup" -I"/home/sesgaro/Documents/MCUXpresso_25.6.136/workspace/MKL25Z4_RX/utilities" -I"/home/sesgaro/Documents/MCUXpresso_25.6.136/workspace/MKL25Z4_RX/CMSIS" -O0 -fno-common -g3 -gdwarf-4 -Wall -c -fmessage-length=0 -fno-builtin -ffunction-sections -fdata-sections -fmerge-constants -fmacro-prefix-map="../drivers/"= -mcpu=cortex-m0plus -mthumb -D__REDLIB__ -fstack-usage -specs=redlib.specs -MMD -MP -MF"drivers/fsl_lpsci.d" -MT"drivers/fsl_lpsci.o" -MT"drivers/fsl_lpsci.d" -o "drivers/fsl_lpsci.o" "../drivers/fsl_lpsci.c"
arm-none-eabi-gcc -D__REDLIB__ -DCPU_MKL25Z128VLK4 -DCPU_MKL25Z128VLK4_cm0plus -DSDK_OS_BAREMETAL -DFSL_RTOS_BM -DSDK_DEBUGCONSOLE=1 -DCR_INTEGER_PRINTF -DPRINTF_FLOAT_ENABLE=0 -D__MCUXPRESSO -D__USE_CMSIS -DDEBUG -I"/home/sesgaro/Documents/MCUXpresso_25.6.136/workspace/MKL25Z4_RX/board" -I"/home/sesgaro/Documents/MCUXpresso_25.6.136/workspace/MKL25Z4_RX/source" -I"/home/sesgaro/Documents/MCUXpresso_25.6.136/workspace/MKL25Z4_RX" -I"/home/sesgaro/Documents/MCUXpresso_25.6.136/workspace/MKL25Z4_RX/drivers" -I"/home/sesgaro/Documents/MCUXpresso_25.6.136/workspace/MKL25Z4_RX/startup" -I"/home/sesgaro/Documents/MCUXpresso_25.6.136/workspace/MKL25Z4_RX/utilities" -I"/home/sesgaro/Documents/MCUXpresso_25.6.136/workspace/MKL25Z4_RX/CMSIS" -O0 -fno-common -g3 -gdwarf-4 -Wall -c -fmessage-length=0 -fno-builtin -ffunction-sections -fdata-sections -fmerge-constants -fmacro-prefix-map="../drivers/"= -mcpu=cortex-m0plus -mthumb -D__REDLIB__ -fstack-usage -specs=redlib.specs -MMD -MP -MF"drivers/fsl_smc.d" -MT"drivers/fsl_smc.o" -MT"drivers/fsl_smc.d" -o "drivers/fsl_smc.o" "../drivers/fsl_smc.c"
arm-none-eabi-gcc -D__REDLIB__ -DCPU_MKL25Z128VLK4 -DCPU_MKL25Z128VLK4_cm0plus -DSDK_OS_BAREMETAL -DFSL_RTOS_BM -DSDK_DEBUGCONSOLE=1 -DCR_INTEGER_PRINTF -DPRINTF_FLOAT_ENABLE=0 -D__MCUXPRESSO -D__USE_CMSIS -DDEBUG -I"/home/sesgaro/Documents/MCUXpresso_25.6.136/workspace/MKL25Z4_RX/board" -I"/home/sesgaro/Documents/MCUXpresso_25.6.136/workspace/MKL25Z4_RX/source" -I"/home/sesgaro/Documents/MCUXpresso_25.6.136/workspace/MKL25Z4_RX" -I"/home/sesgaro/Documents/MCUXpresso_25.6.136/workspace/MKL25Z4_RX/drivers" -I"/home/sesgaro/Documents/MCUXpresso_25.6.136/workspace/MKL25Z4_RX/startup" -I"/home/sesgaro/Documents/MCUXpresso_25.6.136/workspace/MKL25Z4_RX/utilities" -I"/home/sesgaro/Documents/MCUXpresso_25.6.136/workspace/MKL25Z4_RX/CMSIS" -O0 -fno-common -g3 -gdwarf-4 -Wall -c -fmessage-length=0 -fno-builtin -ffunction-sections -fdata-sections -fmerge-constants -fmacro-prefix-map="../drivers/"= -mcpu=cortex-m0plus -mthumb -D__REDLIB__ -fstack-usage -specs=redlib.specs -MMD -MP -MF"drivers/fsl_uart.d" -MT"drivers/fsl_uart.o" -MT"drivers/fsl_uart.d" -o "drivers/fsl_uart.o" "../drivers/fsl_uart.c"
Invoking: MCU C Compiler
arm-none-eabi-gcc -D__REDLIB__ -DCPU_MKL25Z128VLK4 -DCPU_MKL25Z128VLK4_cm0plus -DSDK_OS_BAREMETAL -DFSL_RTOS_BM -DSDK_DEBUGCONSOLE=1 -DCR_INTEGER_PRINTF -DPRINTF_FLOAT_ENABLE=0 -D__MCUXPRESSO -D__USE_CMSIS -DDEBUG -I"/home/sesgaro/Documents/MCUXpresso_25.6.136/workspace/MKL25Z4_RX/board" -I"/home/sesgaro/Documents/MCUXpresso_25.6.136/workspace/MKL25Z4_RX/source" -I"/home/sesgaro/Documents/MCUXpresso_25.6.136/workspace/MKL25Z4_RX" -I"/home/sesgaro/Documents/MCUXpresso_25.6.136/workspace/MKL25Z4_RX/drivers" -I"/home/sesgaro/Documents/MCUXpresso_25.6.136/workspace/MKL25Z4_RX/startup" -I"/home/sesgaro/Documents/MCUXpresso_25.6.136/workspace/MKL25Z4_RX/utilities" -I"/home/sesgaro/Documents/MCUXpresso_25.6.136/workspace/MKL25Z4_RX/CMSIS" -O0 -fno-common -g3 -gdwarf-4 -Wall -c -fmessage-length=0 -fno-builtin -ffunction-sections -fdata-sections -fmerge-constants -fmacro-prefix-map="../board/"= -mcpu=cortex-m0plus -mthumb -D__REDLIB__ -fstack-usage -specs=redlib.specs -MMD -MP -MF"board/board.d" -MT"board/board.o" -MT"board/board.d" -o "board/board.o" "../board/board.c"
Invoking: MCU C Compiler
arm-none-eabi-gcc -D__REDLIB__ -DCPU_MKL25Z128VLK4 -DCPU_MKL25Z128VLK4_cm0plus -DSDK_OS_BAREMETAL -DFSL_RTOS_BM -DSDK_DEBUGCONSOLE=1 -DCR_INTEGER_PRINTF -DPRINTF_FLOAT_ENABLE=0 -D__MCUXPRESSO -D__USE_CMSIS -DDEBUG -I"/home/sesgaro/Documents/MCUXpresso_25.6.136/workspace/MKL25Z4_RX/board" -I"/home/sesgaro/Documents/MCUXpresso_25.6.136/workspace/MKL25Z4_RX/source" -I"/home/sesgaro/Documents/MCUXpresso_25.6.136/workspace/MKL25Z4_RX" -I"/home/sesgaro/Documents/MCUXpresso_25.6.136/workspace/MKL25Z4_RX/drivers" -I"/home/sesgaro/Documents/MCUXpresso_25.6.136/workspace/MKL25Z4_RX/startup" -I"/home/sesgaro/Documents/MCUXpresso_25.6.136/workspace/MKL25Z4_RX/utilities" -I"/home/sesgaro/Documents/MCUXpresso_25.6.136/workspace/MKL25Z4_RX/CMSIS" -O0 -fno-common -g3 -gdwarf-4 -Wall -c -fmessage-length=0 -fno-builtin -ffunction-sections -fdata-sections -fmerge-constants -fmacro-prefix-map="../board/"= -mcpu=cortex-m0plus -mthumb -D__REDLIB__ -fstack-usage -specs=redlib.specs -MMD -MP -MF"board/clock_config.d" -MT"board/clock_config.o" -MT"board/clock_config.d" -o "board/clock_config.o" "../board/clock_config.c"
Building file: ../board/peripherals.c
Building file: ../board/pin_mux.c
Invoking: MCU C Compiler
arm-none-eabi-gcc -D__REDLIB__ -DCPU_MKL25Z128VLK4 -DCPU_MKL25Z128VLK4_cm0plus -DSDK_OS_BAREMETAL -DFSL_RTOS_BM -DSDK_DEBUGCONSOLE=1 -DCR_INTEGER_PRINTF -DPRINTF_FLOAT_ENABLE=0 -D__MCUXPRESSO -D__USE_CMSIS -DDEBUG -I"/home/sesgaro/Documents/MCUXpresso_25.6.136/workspace/MKL25Z4_RX/board" -I"/home/sesgaro/Documents/MCUXpresso_25.6.136/workspace/MKL25Z4_RX/source" -I"/home/sesgaro/Documents/MCUXpresso_25.6.136/workspace/MKL25Z4_RX" -I"/home/sesgaro/Documents/MCUXpresso_25.6.136/workspace/MKL25Z4_RX/drivers" -I"/home/sesgaro/Documents/MCUXpresso_25.6.136/workspace/MKL25Z4_RX/startup" -I"/home/sesgaro/Documents/MCUXpresso_25.6.136/workspace/MKL25Z4_RX/utilities" -I"/home/sesgaro/Documents/MCUXpresso_25.6.136/workspace/MKL25Z4_RX/CMSIS" -O0 -fno-common -g3 -gdwarf-4 -Wall -c -fmessage-length=0 -fno-builtin -ffunction-sections -fdata-sections -fmerge-constants -fmacro-prefix-map="../board/"= -mcpu=cortex-m0plus -mthumb -D__REDLIB__ -fstack-usage -specs=redlib.specs -MMD -MP -MF"board/peripherals.d" -MT"board/peripherals.o" -MT"board/peripherals.d" -o "board/peripherals.o" "../board/peripherals.c"
Invoking: MCU C Compiler
arm-none-eabi-gcc -D__REDLIB__ -DCPU_MKL25Z128VLK4 -DCPU_MKL25Z128VLK4_cm0plus -DSDK_OS_BAREMETAL -DFSL_RTOS_BM -DSDK_DEBUGCONSOLE=1 -DCR_INTEGER_PRINTF -DPRINTF_FLOAT_ENABLE=0 -D__MCUXPRESSO -D__USE_CMSIS -DDEBUG -I"/home/sesgaro/Documents/MCUXpresso_25.6.136/workspace/MKL25Z4_RX/board" -I"/home/sesgaro/Documents/MCUXpresso_25.6.136/workspace/MKL25Z4_RX/source" -I"/home/sesgaro/Documents/MCUXpresso_25.6.136/workspace/MKL25Z4_RX" -I"/home/sesgaro/Documents/MCUXpresso_25.6.136/workspace/MKL25Z4_RX/drivers" -I"/home/sesgaro/Documents/MCUXpresso_25.6.136/workspace/MKL25Z4_RX/startup" -I"/home/sesgaro/Documents/MCUXpresso_25.6.136/workspace/MKL25Z4_RX/utilities" -I"/home/sesgaro/Documents/MCUXpresso_25.6.136/workspace/MKL25Z4_RX/CMSIS" -O0 -fno-common -g3 -gdwarf-4 -Wall -c -fmessage-length=0 -fno-builtin -ffunction-sections -fdata-sections -fmerge-constants -fmacro-prefix-map="../board/"= -mcpu=cortex-m0plus -mthumb -D__REDLIB__ -fstack-usage -specs=redlib.specs -MMD -MP -MF"board/pin_mux.d" -MT"board/pin_mux.o" -MT"board/pin_mux.d" -o "board/pin_mux.o" "../board/pin_mux.c"
../utilities/fsl_debug_console.c: In function 'DbgConsole_Getchar':
../utilities/fsl_debug_console.c:482:31: warning: 'ch' may be used uninitialized [-Wmaybe-uninitialized]
Finished building: ../source/mtb.c
 
Finished building: ../source/semihost_hardfault.c
  482 |     while (kStatus_Success != s_debugConsole.ops.rx_union.GetChar(s_debugConsole.base, (uint8_t *)(&ch), 1))
      |                               ^~~~~~~~~~~~~~~~~~~~~~~~~~~~~~~~~~~~~~~~~~~~~~~~~~~~~~~~~~~~~~~~~~~~~~~~~~~~~
Building file: ../CMSIS/system_MKL25Z4.c
 
Invoking: MCU C Compiler
../utilities/fsl_debug_console.c:482:31: note: by argument 2 of type 'const uint8_t *' {aka 'const unsigned char *'} to 'status_t(void *, const uint8_t *, size_t)' {aka 'int(void *, const unsigned char *, unsigned int)'}
arm-none-eabi-gcc -D__REDLIB__ -DCPU_MKL25Z128VLK4 -DCPU_MKL25Z128VLK4_cm0plus -DSDK_OS_BAREMETAL -DFSL_RTOS_BM -DSDK_DEBUGCONSOLE=1 -DCR_INTEGER_PRINTF -DPRINTF_FLOAT_ENABLE=0 -D__MCUXPRESSO -D__USE_CMSIS -DDEBUG -I"/home/sesgaro/Documents/MCUXpresso_25.6.136/workspace/MKL25Z4_RX/board" -I"/home/sesgaro/Documents/MCUXpresso_25.6.136/workspace/MKL25Z4_RX/source" -I"/home/sesgaro/Documents/MCUXpresso_25.6.136/workspace/MKL25Z4_RX" -I"/home/sesgaro/Documents/MCUXpresso_25.6.136/workspace/MKL25Z4_RX/drivers" -I"/home/sesgaro/Documents/MCUXpresso_25.6.136/workspace/MKL25Z4_RX/startup" -I"/home/sesgaro/Documents/MCUXpresso_25.6.136/workspace/MKL25Z4_RX/utilities" -I"/home/sesgaro/Documents/MCUXpresso_25.6.136/workspace/MKL25Z4_RX/CMSIS" -O0 -fno-common -g3 -gdwarf-4 -Wall -c -fmessage-length=0 -fno-builtin -ffunction-sections -fdata-sections -fmerge-constants -fmacro-prefix-map="../CMSIS/"= -mcpu=cortex-m0plus -mthumb -D__REDLIB__ -fstack-usage -specs=redlib.specs -MMD -MP -MF"CMSIS/system_MKL25Z4.d" -MT"CMSIS/system_MKL25Z4.o" -MT"CMSIS/system_MKL25Z4.d" -o "CMSIS/system_MKL25Z4.o" "../CMSIS/system_MKL25Z4.c"
../utilities/fsl_debug_console.c:476:10: note: 'ch' declared here
  476 |     char ch;
Finished building: ../board/peripherals.c
 
      |          ^~
Finished building: ../startup/startup_mkl25z4.c
 
Finished building: ../drivers/fsl_common.c
 
Finished building: ../drivers/fsl_gpio.c
 
Finished building: ../board/clock_config.c
 
Finished building: ../source/MKL25Z4_RX.c
Finished building: ../board/pin_mux.c
 
 
Finished building: ../CMSIS/system_MKL25Z4.c
Finished building: ../board/board.c
 
 
Finished building: ../drivers/fsl_smc.c
 
Finished building: ../utilities/fsl_debug_console.c
 
Finished building: ../drivers/fsl_flash.c
 
Finished building: ../drivers/fsl_lpsci.c
 
Finished building: ../drivers/fsl_uart.c
 
Finished building: ../drivers/fsl_clock.c
 
Building target: MKL25Z4_RX.axf
Invoking: MCU Linker
arm-none-eabi-gcc -nostdlib -Xlinker -Map="MKL25Z4_RX.map" -Xlinker --gc-sections -Xlinker -print-memory-usage -Xlinker --sort-section=alignment -Xlinker --cref -mcpu=cortex-m0plus -mthumb -T MKL25Z4_RX_Debug.ld -o "MKL25Z4_RX.axf" ./utilities/fsl_debug_console.o  ./startup/startup_mkl25z4.o  ./source/MKL25Z4_RX.o ./source/mtb.o ./source/semihost_hardfault.o  ./drivers/fsl_clock.o ./drivers/fsl_common.o ./drivers/fsl_flash.o ./drivers/fsl_gpio.o ./drivers/fsl_lpsci.o ./drivers/fsl_smc.o ./drivers/fsl_uart.o  ./board/board.o ./board/clock_config.o ./board/peripherals.o ./board/pin_mux.o  ./CMSIS/system_MKL25Z4.o   
Memory region         Used Size  Region Size  %age Used
   PROGRAM_FLASH:        3076 B       128 KB      2.35%
            SRAM:        2384 B        16 KB     14.55%
Finished building target: MKL25Z4_RX.axf
 
Performing post-build steps
arm-none-eabi-size "MKL25Z4_RX.axf"; # arm-none-eabi-objcopy -v -O binary "MKL25Z4_RX.axf" "MKL25Z4_RX.bin" ; # checksum -p MKL25Z128xxx4 -d "MKL25Z4_RX.bin";
   text	   data	    bss	    dec	    hex	filename
   3076	      0	   2384	   5460	   1554	MKL25Z4_RX.axf
 
18:26:32 **** Incremental Build of configuration Debug for project MKL25Z4_RX ****
make -r -j16 all 
Building file: ../source/MKL25Z4_RX.c
Invoking: MCU C Compiler
arm-none-eabi-gcc -D__REDLIB__ -DCPU_MKL25Z128VLK4 -DCPU_MKL25Z128VLK4_cm0plus -DSDK_OS_BAREMETAL -DFSL_RTOS_BM -DSDK_DEBUGCONSOLE=1 -DCR_INTEGER_PRINTF -DPRINTF_FLOAT_ENABLE=0 -D__MCUXPRESSO -D__USE_CMSIS -DDEBUG -I"/home/sesgaro/Documents/MCUXpresso_25.6.136/workspace/MKL25Z4_RX/board" -I"/home/sesgaro/Documents/MCUXpresso_25.6.136/workspace/MKL25Z4_RX/source" -I"/home/sesgaro/Documents/MCUXpresso_25.6.136/workspace/MKL25Z4_RX" -I"/home/sesgaro/Documents/MCUXpresso_25.6.136/workspace/MKL25Z4_RX/drivers" -I"/home/sesgaro/Documents/MCUXpresso_25.6.136/workspace/MKL25Z4_RX/startup" -I"/home/sesgaro/Documents/MCUXpresso_25.6.136/workspace/MKL25Z4_RX/utilities" -I"/home/sesgaro/Documents/MCUXpresso_25.6.136/workspace/MKL25Z4_RX/CMSIS" -O0 -fno-common -g3 -gdwarf-4 -Wall -c -fmessage-length=0 -fno-builtin -ffunction-sections -fdata-sections -fmerge-constants -fmacro-prefix-map="../source/"= -mcpu=cortex-m0plus -mthumb -D__REDLIB__ -fstack-usage -specs=redlib.specs -MMD -MP -MF"source/MKL25Z4_RX.d" -MT"source/MKL25Z4_RX.o" -MT"source/MKL25Z4_RX.d" -o "source/MKL25Z4_RX.o" "../source/MKL25Z4_RX.c"
Finished building: ../source/MKL25Z4_RX.c
 
Building target: MKL25Z4_RX.axf
Invoking: MCU Linker
arm-none-eabi-gcc -nostdlib -Xlinker -Map="MKL25Z4_RX.map" -Xlinker --gc-sections -Xlinker -print-memory-usage -Xlinker --sort-section=alignment -Xlinker --cref -mcpu=cortex-m0plus -mthumb -T MKL25Z4_RX_Debug.ld -o "MKL25Z4_RX.axf" ./utilities/fsl_debug_console.o  ./startup/startup_mkl25z4.o  ./source/MKL25Z4_RX.o ./source/mtb.o ./source/semihost_hardfault.o  ./drivers/fsl_clock.o ./drivers/fsl_common.o ./drivers/fsl_flash.o ./drivers/fsl_gpio.o ./drivers/fsl_lpsci.o ./drivers/fsl_smc.o ./drivers/fsl_uart.o  ./board/board.o ./board/clock_config.o ./board/peripherals.o ./board/pin_mux.o  ./CMSIS/system_MKL25Z4.o   
Memory region         Used Size  Region Size  %age Used
   PROGRAM_FLASH:        3076 B       128 KB      2.35%
            SRAM:        2384 B        16 KB     14.55%
Finished building target: MKL25Z4_RX.axf
 
Performing post-build steps
arm-none-eabi-size "MKL25Z4_RX.axf"; # arm-none-eabi-objcopy -v -O binary "MKL25Z4_RX.axf" "MKL25Z4_RX.bin" ; # checksum -p MKL25Z128xxx4 -d "MKL25Z4_RX.bin";
   text	   data	    bss	    dec	    hex	filename
   3076	      0	   2384	   5460	   1554	MKL25Z4_RX.axf
 
18:26:33 **** Build of configuration Debug for project MKL25Z4_TX ****
make -r -j16 all 
Building file: ../source/MKL25Z4_TX.c
Invoking: MCU C Compiler
arm-none-eabi-gcc -DCPU_MKL25Z128VLK4 -DCPU_MKL25Z128VLK4_cm0plus -DSDK_OS_BAREMETAL -DFSL_RTOS_BM -DSDK_DEBUGCONSOLE=1 -DCR_INTEGER_PRINTF -DPRINTF_FLOAT_ENABLE=0 -D__MCUXPRESSO -D__USE_CMSIS -DDEBUG -D__REDLIB__ -I"/home/sesgaro/Documents/MCUXpresso_25.6.136/workspace/MKL25Z4_TX/board" -I"/home/sesgaro/Documents/MCUXpresso_25.6.136/workspace/MKL25Z4_TX/source" -I"/home/sesgaro/Documents/MCUXpresso_25.6.136/workspace/MKL25Z4_TX" -I"/home/sesgaro/Documents/MCUXpresso_25.6.136/workspace/MKL25Z4_TX/drivers" -I"/home/sesgaro/Documents/MCUXpresso_25.6.136/workspace/MKL25Z4_TX/startup" -I"/home/sesgaro/Documents/MCUXpresso_25.6.136/workspace/MKL25Z4_TX/utilities" -I"/home/sesgaro/Documents/MCUXpresso_25.6.136/workspace/MKL25Z4_TX/CMSIS" -O0 -fno-common -g3 -gdwarf-4 -Wall -c -fmessage-length=0 -fno-builtin -ffunction-sections -fdata-sections -fmerge-constants -fmacro-prefix-map="../source/"= -mcpu=cortex-m0plus -mthumb -D__REDLIB__ -fstack-usage -specs=redlib.specs -MMD -MP -MF"source/MKL25Z4_TX.d" -MT"source/MKL25Z4_TX.o" -MT"source/MKL25Z4_TX.d" -o "source/MKL25Z4_TX.o" "../source/MKL25Z4_TX.c"
Finished building: ../source/MKL25Z4_TX.c
 
Building target: MKL25Z4_TX.axf
Invoking: MCU Linker
arm-none-eabi-gcc -nostdlib -Xlinker -Map="MKL25Z4_TX.map" -Xlinker --gc-sections -Xlinker -print-memory-usage -Xlinker --sort-section=alignment -Xlinker --cref -mcpu=cortex-m0plus -mthumb -T MKL25Z4_TX_Debug.ld -o "MKL25Z4_TX.axf" ./utilities/fsl_debug_console.o  ./startup/startup_mkl25z4.o  ./source/MKL25Z4_TX.o ./source/mtb.o ./source/semihost_hardfault.o  ./drivers/fsl_clock.o ./drivers/fsl_common.o ./drivers/fsl_flash.o ./drivers/fsl_gpio.o ./drivers/fsl_lpsci.o ./drivers/fsl_smc.o ./drivers/fsl_uart.o  ./board/board.o ./board/clock_config.o ./board/peripherals.o ./board/pin_mux.o  ./CMSIS/system_MKL25Z4.o   
Memory region         Used Size  Region Size  %age Used
   PROGRAM_FLASH:        2900 B       128 KB      2.21%
            SRAM:        2384 B        16 KB     14.55%
Finished building target: MKL25Z4_TX.axf
 
Performing post-build steps
arm-none-eabi-size "MKL25Z4_TX.axf"; # arm-none-eabi-objcopy -v -O binary "MKL25Z4_TX.axf" "MKL25Z4_TX.bin" ; # checksum -p MKL25Z128xxx4 -d "MKL25Z4_TX.bin";
   text	   data	    bss	    dec	    hex	filename
   2900	      0	   2384	   5284	   14a4	MKL25Z4_TX.axf
 
18:26:34 **** Incremental Build of configuration Debug for project practica_uart ****
make -r -j16 all 
Command canceled
18:26:54 **** Build of configuration Debug for project MKL25Z4_RX ****
make -r -j16 all 
Building file: ../source/MKL25Z4_RX.c
Invoking: MCU C Compiler
arm-none-eabi-gcc -D__REDLIB__ -DCPU_MKL25Z128VLK4 -DCPU_MKL25Z128VLK4_cm0plus -DSDK_OS_BAREMETAL -DFSL_RTOS_BM -DSDK_DEBUGCONSOLE=1 -DCR_INTEGER_PRINTF -DPRINTF_FLOAT_ENABLE=0 -D__MCUXPRESSO -D__USE_CMSIS -DDEBUG -I"/home/sesgaro/Documents/MCUXpresso_25.6.136/workspace/MKL25Z4_RX/board" -I"/home/sesgaro/Documents/MCUXpresso_25.6.136/workspace/MKL25Z4_RX/source" -I"/home/sesgaro/Documents/MCUXpresso_25.6.136/workspace/MKL25Z4_RX" -I"/home/sesgaro/Documents/MCUXpresso_25.6.136/workspace/MKL25Z4_RX/drivers" -I"/home/sesgaro/Documents/MCUXpresso_25.6.136/workspace/MKL25Z4_RX/startup" -I"/home/sesgaro/Documents/MCUXpresso_25.6.136/workspace/MKL25Z4_RX/utilities" -I"/home/sesgaro/Documents/MCUXpresso_25.6.136/workspace/MKL25Z4_RX/CMSIS" -O0 -fno-common -g3 -gdwarf-4 -Wall -c -fmessage-length=0 -fno-builtin -ffunction-sections -fdata-sections -fmerge-constants -fmacro-prefix-map="../source/"= -mcpu=cortex-m0plus -mthumb -D__REDLIB__ -fstack-usage -specs=redlib.specs -MMD -MP -MF"source/MKL25Z4_RX.d" -MT"source/MKL25Z4_RX.o" -MT"source/MKL25Z4_RX.d" -o "source/MKL25Z4_RX.o" "../source/MKL25Z4_RX.c"
Finished building: ../source/MKL25Z4_RX.c
 
Building target: MKL25Z4_RX.axf
Invoking: MCU Linker
arm-none-eabi-gcc -nostdlib -Xlinker -Map="MKL25Z4_RX.map" -Xlinker --gc-sections -Xlinker -print-memory-usage -Xlinker --sort-section=alignment -Xlinker --cref -mcpu=cortex-m0plus -mthumb -T MKL25Z4_RX_Debug.ld -o "MKL25Z4_RX.axf" ./utilities/fsl_debug_console.o  ./startup/startup_mkl25z4.o  ./source/MKL25Z4_RX.o ./source/mtb.o ./source/semihost_hardfault.o  ./drivers/fsl_clock.o ./drivers/fsl_common.o ./drivers/fsl_flash.o ./drivers/fsl_gpio.o ./drivers/fsl_lpsci.o ./drivers/fsl_smc.o ./drivers/fsl_uart.o  ./board/board.o ./board/clock_config.o ./board/peripherals.o ./board/pin_mux.o  ./CMSIS/system_MKL25Z4.o   
Memory region         Used Size  Region Size  %age Used
   PROGRAM_FLASH:        3076 B       128 KB      2.35%
            SRAM:        2384 B        16 KB     14.55%
Finished building target: MKL25Z4_RX.axf
 
Performing post-build steps
arm-none-eabi-size "MKL25Z4_RX.axf"; # arm-none-eabi-objcopy -v -O binary "MKL25Z4_RX.axf" "MKL25Z4_RX.bin" ; # checksum -p MKL25Z128xxx4 -d "MKL25Z4_RX.bin";
   text	   data	    bss	    dec	    hex	filename
   3076	      0	   2384	   5460	   1554	MKL25Z4_RX.axf
 
18:31:41 **** Build of configuration Debug for project MKL25Z4_TX ****
make -r -j16 all 
make[1]: Nothing to be done for 'main-build'.
Performing post-build steps
arm-none-eabi-size "MKL25Z4_TX.axf"; # arm-none-eabi-objcopy -v -O binary "MKL25Z4_TX.axf" "MKL25Z4_TX.bin" ; # checksum -p MKL25Z128xxx4 -d "MKL25Z4_TX.bin";
   text	   data	    bss	    dec	    hex	filename
   2900	      0	   2384	   5284	   14a4	MKL25Z4_TX.axf
 
18:32:49 **** Build of configuration Debug for project MKL25Z4_RX ****
make -r -j16 all 
make[1]: Nothing to be done for 'main-build'.
Performing post-build steps
arm-none-eabi-size "MKL25Z4_RX.axf"; # arm-none-eabi-objcopy -v -O binary "MKL25Z4_RX.axf" "MKL25Z4_RX.bin" ; # checksum -p MKL25Z128xxx4 -d "MKL25Z4_RX.bin";
   text	   data	    bss	    dec	    hex	filename
   3076	      0	   2384	   5460	   1554	MKL25Z4_RX.axf
 
18:43:16 **** Build of configuration Debug for project practica_uart ****
make -r -j16 all 
Building file: ../source/practica_uart.c
Invoking: MCU C Compiler
arm-none-eabi-gcc -D__REDLIB__ -DCPU_MKL25Z128VLK4 -DCPU_MKL25Z128VLK4_cm0plus -DSDK_OS_BAREMETAL -DFSL_RTOS_BM -DSDK_DEBUGCONSOLE=1 -DCR_INTEGER_PRINTF -DPRINTF_FLOAT_ENABLE=0 -D__MCUXPRESSO -D__USE_CMSIS -DDEBUG -I"/home/sesgaro/Documents/MCUXpresso_25.6.136/workspace/practica_uart/board" -I"/home/sesgaro/Documents/MCUXpresso_25.6.136/workspace/practica_uart/source" -I"/home/sesgaro/Documents/MCUXpresso_25.6.136/workspace/practica_uart" -I"/home/sesgaro/Documents/MCUXpresso_25.6.136/workspace/practica_uart/drivers" -I"/home/sesgaro/Documents/MCUXpresso_25.6.136/workspace/practica_uart/startup" -I"/home/sesgaro/Documents/MCUXpresso_25.6.136/workspace/practica_uart/utilities" -I"/home/sesgaro/Documents/MCUXpresso_25.6.136/workspace/practica_uart/CMSIS" -O0 -fno-common -g3 -gdwarf-4 -Wall -c -fmessage-length=0 -fno-builtin -ffunction-sections -fdata-sections -fmerge-constants -fmacro-prefix-map="../source/"= -mcpu=cortex-m0plus -mthumb -D__REDLIB__ -fstack-usage -specs=redlib.specs -MMD -MP -MF"source/practica_uart.d" -MT"source/practica_uart.o" -MT"source/practica_uart.d" -o "source/practica_uart.o" "../source/practica_uart.c"
Finished building: ../source/practica_uart.c
 
Building target: practica_uart.axf
Invoking: MCU Linker
arm-none-eabi-gcc -nostdlib -Xlinker -Map="practica_uart.map" -Xlinker --gc-sections -Xlinker -print-memory-usage -Xlinker --sort-section=alignment -Xlinker --cref -mcpu=cortex-m0plus -mthumb -T practica_uart_Debug.ld -o "practica_uart.axf" ./utilities/fsl_debug_console.o  ./startup/startup_mkl25z4.o  ./source/mtb.o ./source/practica_uart.o ./source/semihost_hardfault.o  ./drivers/fsl_clock.o ./drivers/fsl_common.o ./drivers/fsl_flash.o ./drivers/fsl_gpio.o ./drivers/fsl_lpsci.o ./drivers/fsl_smc.o ./drivers/fsl_uart.o  ./board/board.o ./board/clock_config.o ./board/peripherals.o ./board/pin_mux.o  ./CMSIS/system_MKL25Z4.o   
Memory region         Used Size  Region Size  %age Used
   PROGRAM_FLASH:        6216 B       128 KB      4.74%
            SRAM:        2384 B        16 KB     14.55%
Finished building target: practica_uart.axf
 
Performing post-build steps
arm-none-eabi-size "practica_uart.axf"; # arm-none-eabi-objcopy -v -O binary "practica_uart.axf" "practica_uart.bin" ; # checksum -p MKL25Z128xxx4 -d "practica_uart.bin";
   text	   data	    bss	    dec	    hex	filename
   6216	      0	   2384	   8600	   2198	practica_uart.axf
 
18:48:51 **** Build of configuration Debug for project practica_uart ****
make -r -j16 all 
Building file: ../source/practica_uart.c
Invoking: MCU C Compiler
arm-none-eabi-gcc -D__REDLIB__ -DCPU_MKL25Z128VLK4 -DCPU_MKL25Z128VLK4_cm0plus -DSDK_OS_BAREMETAL -DFSL_RTOS_BM -DSDK_DEBUGCONSOLE=1 -DCR_INTEGER_PRINTF -DPRINTF_FLOAT_ENABLE=0 -D__MCUXPRESSO -D__USE_CMSIS -DDEBUG -I"/home/sesgaro/Documents/MCUXpresso_25.6.136/workspace/practica_uart/board" -I"/home/sesgaro/Documents/MCUXpresso_25.6.136/workspace/practica_uart/source" -I"/home/sesgaro/Documents/MCUXpresso_25.6.136/workspace/practica_uart" -I"/home/sesgaro/Documents/MCUXpresso_25.6.136/workspace/practica_uart/drivers" -I"/home/sesgaro/Documents/MCUXpresso_25.6.136/workspace/practica_uart/startup" -I"/home/sesgaro/Documents/MCUXpresso_25.6.136/workspace/practica_uart/utilities" -I"/home/sesgaro/Documents/MCUXpresso_25.6.136/workspace/practica_uart/CMSIS" -O0 -fno-common -g3 -gdwarf-4 -Wall -c -fmessage-length=0 -fno-builtin -ffunction-sections -fdata-sections -fmerge-constants -fmacro-prefix-map="../source/"= -mcpu=cortex-m0plus -mthumb -D__REDLIB__ -fstack-usage -specs=redlib.specs -MMD -MP -MF"source/practica_uart.d" -MT"source/practica_uart.o" -MT"source/practica_uart.d" -o "source/practica_uart.o" "../source/practica_uart.c"
Finished building: ../source/practica_uart.c
 
Building target: practica_uart.axf
Invoking: MCU Linker
arm-none-eabi-gcc -nostdlib -Xlinker -Map="practica_uart.map" -Xlinker --gc-sections -Xlinker -print-memory-usage -Xlinker --sort-section=alignment -Xlinker --cref -mcpu=cortex-m0plus -mthumb -T practica_uart_Debug.ld -o "practica_uart.axf" ./utilities/fsl_debug_console.o  ./startup/startup_mkl25z4.o  ./source/mtb.o ./source/practica_uart.o ./source/semihost_hardfault.o  ./drivers/fsl_clock.o ./drivers/fsl_common.o ./drivers/fsl_flash.o ./drivers/fsl_gpio.o ./drivers/fsl_lpsci.o ./drivers/fsl_smc.o ./drivers/fsl_uart.o  ./board/board.o ./board/clock_config.o ./board/peripherals.o ./board/pin_mux.o  ./CMSIS/system_MKL25Z4.o   
Memory region         Used Size  Region Size  %age Used
   PROGRAM_FLASH:        6400 B       128 KB      4.88%
            SRAM:        2384 B        16 KB     14.55%
Finished building target: practica_uart.axf
 
Performing post-build steps
arm-none-eabi-size "practica_uart.axf"; # arm-none-eabi-objcopy -v -O binary "practica_uart.axf" "practica_uart.bin" ; # checksum -p MKL25Z128xxx4 -d "practica_uart.bin";
   text	   data	    bss	    dec	    hex	filename
   6400	      0	   2384	   8784	   2250	practica_uart.axf
 
18:50:36 **** Incremental Build of configuration Debug for project practica_uart ****
make -r -j16 all 
Building file: ../source/practica_uart.c
Invoking: MCU C Compiler
arm-none-eabi-gcc -D__REDLIB__ -DCPU_MKL25Z128VLK4 -DCPU_MKL25Z128VLK4_cm0plus -DSDK_OS_BAREMETAL -DFSL_RTOS_BM -DSDK_DEBUGCONSOLE=1 -DCR_INTEGER_PRINTF -DPRINTF_FLOAT_ENABLE=0 -D__MCUXPRESSO -D__USE_CMSIS -DDEBUG -I"/home/sesgaro/Documents/MCUXpresso_25.6.136/workspace/practica_uart/board" -I"/home/sesgaro/Documents/MCUXpresso_25.6.136/workspace/practica_uart/source" -I"/home/sesgaro/Documents/MCUXpresso_25.6.136/workspace/practica_uart" -I"/home/sesgaro/Documents/MCUXpresso_25.6.136/workspace/practica_uart/drivers" -I"/home/sesgaro/Documents/MCUXpresso_25.6.136/workspace/practica_uart/startup" -I"/home/sesgaro/Documents/MCUXpresso_25.6.136/workspace/practica_uart/utilities" -I"/home/sesgaro/Documents/MCUXpresso_25.6.136/workspace/practica_uart/CMSIS" -O0 -fno-common -g3 -gdwarf-4 -Wall -c -fmessage-length=0 -fno-builtin -ffunction-sections -fdata-sections -fmerge-constants -fmacro-prefix-map="../source/"= -mcpu=cortex-m0plus -mthumb -D__REDLIB__ -fstack-usage -specs=redlib.specs -MMD -MP -MF"source/practica_uart.d" -MT"source/practica_uart.o" -MT"source/practica_uart.d" -o "source/practica_uart.o" "../source/practica_uart.c"
Finished building: ../source/practica_uart.c
 
Building target: practica_uart.axf
Invoking: MCU Linker
arm-none-eabi-gcc -nostdlib -Xlinker -Map="practica_uart.map" -Xlinker --gc-sections -Xlinker -print-memory-usage -Xlinker --sort-section=alignment -Xlinker --cref -mcpu=cortex-m0plus -mthumb -T practica_uart_Debug.ld -o "practica_uart.axf" ./utilities/fsl_debug_console.o  ./startup/startup_mkl25z4.o  ./source/mtb.o ./source/practica_uart.o ./source/semihost_hardfault.o  ./drivers/fsl_clock.o ./drivers/fsl_common.o ./drivers/fsl_flash.o ./drivers/fsl_gpio.o ./drivers/fsl_lpsci.o ./drivers/fsl_smc.o ./drivers/fsl_uart.o  ./board/board.o ./board/clock_config.o ./board/peripherals.o ./board/pin_mux.o  ./CMSIS/system_MKL25Z4.o   
Memory region         Used Size  Region Size  %age Used
   PROGRAM_FLASH:        6400 B       128 KB      4.88%
            SRAM:        2384 B        16 KB     14.55%
Finished building target: practica_uart.axf
 
Performing post-build steps
arm-none-eabi-size "practica_uart.axf"; # arm-none-eabi-objcopy -v -O binary "practica_uart.axf" "practica_uart.bin" ; # checksum -p MKL25Z128xxx4 -d "practica_uart.bin";
   text	   data	    bss	    dec	    hex	filename
   6400	      0	   2384	   8784	   2250	practica_uart.axf
 
18:50:53 **** Build of configuration Debug for project practica_uart ****
make -r -j16 all 
make[1]: Nothing to be done for 'main-build'.
Performing post-build steps
arm-none-eabi-size "practica_uart.axf"; # arm-none-eabi-objcopy -v -O binary "practica_uart.axf" "practica_uart.bin" ; # checksum -p MKL25Z128xxx4 -d "practica_uart.bin";
   text	   data	    bss	    dec	    hex	filename
   6400	      0	   2384	   8784	   2250	practica_uart.axf
 
18:55:46 **** Build of configuration Debug for project practica_uart ****
make -r -j16 all 
make[1]: Nothing to be done for 'main-build'.
Performing post-build steps
arm-none-eabi-size "practica_uart.axf"; # arm-none-eabi-objcopy -v -O binary "practica_uart.axf" "practica_uart.bin" ; # checksum -p MKL25Z128xxx4 -d "practica_uart.bin";
   text	   data	    bss	    dec	    hex	filename
   6400	      0	   2384	   8784	   2250	practica_uart.axf
 
18:57:24 **** Build of configuration Debug for project practica_uart ****
make -r -j16 all 
make[1]: Nothing to be done for 'main-build'.
Performing post-build steps
arm-none-eabi-size "practica_uart.axf"; # arm-none-eabi-objcopy -v -O binary "practica_uart.axf" "practica_uart.bin" ; # checksum -p MKL25Z128xxx4 -d "practica_uart.bin";
   text	   data	    bss	    dec	    hex	filename
   6400	      0	   2384	   8784	   2250	practica_uart.axf
 
18:01:39 **** Build of configuration Debug for project MKL25Z4_TX ****
make -r -j16 all 
Building target: MKL25Z4_TX.axf
Invoking: MCU Linker
arm-none-eabi-gcc -nostdlib -Xlinker -Map="MKL25Z4_TX.map" -Xlinker --gc-sections -Xlinker -print-memory-usage -Xlinker --sort-section=alignment -Xlinker --cref -mcpu=cortex-m0plus -mthumb -T MKL25Z4_TX_Debug.ld -o "MKL25Z4_TX.axf" ./utilities/fsl_debug_console.o  ./startup/startup_mkl25z4.o  ./source/MKL25Z4_TX.o ./source/mtb.o ./source/semihost_hardfault.o  ./drivers/fsl_clock.o ./drivers/fsl_common.o ./drivers/fsl_flash.o ./drivers/fsl_gpio.o ./drivers/fsl_lpsci.o ./drivers/fsl_smc.o ./drivers/fsl_uart.o  ./board/board.o ./board/clock_config.o ./board/peripherals.o ./board/pin_mux.o  ./CMSIS/system_MKL25Z4.o   
Memory region         Used Size  Region Size  %age Used
   PROGRAM_FLASH:        2900 B       128 KB      2.21%
            SRAM:        2384 B        16 KB     14.55%
Finished building target: MKL25Z4_TX.axf
 
Performing post-build steps
arm-none-eabi-size "MKL25Z4_TX.axf"; # arm-none-eabi-objcopy -v -O binary "MKL25Z4_TX.axf" "MKL25Z4_TX.bin" ; # checksum -p MKL25Z128xxx4 -d "MKL25Z4_TX.bin";
   text	   data	    bss	    dec	    hex	filename
   2900	      0	   2384	   5284	   14a4	MKL25Z4_TX.axf
 
18:02:51 **** Build of configuration Debug for project MKL25Z4_RX ****
make -r -j16 all 
Building file: ../source/MKL25Z4_RX.c
Invoking: MCU C Compiler
arm-none-eabi-gcc -D__REDLIB__ -DCPU_MKL25Z128VLK4 -DCPU_MKL25Z128VLK4_cm0plus -DSDK_OS_BAREMETAL -DFSL_RTOS_BM -DSDK_DEBUGCONSOLE=1 -DCR_INTEGER_PRINTF -DPRINTF_FLOAT_ENABLE=0 -D__MCUXPRESSO -D__USE_CMSIS -DDEBUG -I"/home/sesgaro/Documents/MCUXpresso_25.6.136/workspace/MKL25Z4_RX/board" -I"/home/sesgaro/Documents/MCUXpresso_25.6.136/workspace/MKL25Z4_RX/source" -I"/home/sesgaro/Documents/MCUXpresso_25.6.136/workspace/MKL25Z4_RX" -I"/home/sesgaro/Documents/MCUXpresso_25.6.136/workspace/MKL25Z4_RX/drivers" -I"/home/sesgaro/Documents/MCUXpresso_25.6.136/workspace/MKL25Z4_RX/startup" -I"/home/sesgaro/Documents/MCUXpresso_25.6.136/workspace/MKL25Z4_RX/utilities" -I"/home/sesgaro/Documents/MCUXpresso_25.6.136/workspace/MKL25Z4_RX/CMSIS" -O0 -fno-common -g3 -gdwarf-4 -Wall -c -fmessage-length=0 -fno-builtin -ffunction-sections -fdata-sections -fmerge-constants -fmacro-prefix-map="../source/"= -mcpu=cortex-m0plus -mthumb -D__REDLIB__ -fstack-usage -specs=redlib.specs -MMD -MP -MF"source/MKL25Z4_RX.d" -MT"source/MKL25Z4_RX.o" -MT"source/MKL25Z4_RX.d" -o "source/MKL25Z4_RX.o" "../source/MKL25Z4_RX.c"
Finished building: ../source/MKL25Z4_RX.c
 
Building target: MKL25Z4_RX.axf
Invoking: MCU Linker
arm-none-eabi-gcc -nostdlib -Xlinker -Map="MKL25Z4_RX.map" -Xlinker --gc-sections -Xlinker -print-memory-usage -Xlinker --sort-section=alignment -Xlinker --cref -mcpu=cortex-m0plus -mthumb -T MKL25Z4_RX_Debug.ld -o "MKL25Z4_RX.axf" ./utilities/fsl_debug_console.o  ./startup/startup_mkl25z4.o  ./source/MKL25Z4_RX.o ./source/mtb.o ./source/semihost_hardfault.o  ./drivers/fsl_clock.o ./drivers/fsl_common.o ./drivers/fsl_flash.o ./drivers/fsl_gpio.o ./drivers/fsl_lpsci.o ./drivers/fsl_smc.o ./drivers/fsl_uart.o  ./board/board.o ./board/clock_config.o ./board/peripherals.o ./board/pin_mux.o  ./CMSIS/system_MKL25Z4.o   
Memory region         Used Size  Region Size  %age Used
   PROGRAM_FLASH:        3076 B       128 KB      2.35%
            SRAM:        2384 B        16 KB     14.55%
Finished building target: MKL25Z4_RX.axf
 
Performing post-build steps
arm-none-eabi-size "MKL25Z4_RX.axf"; # arm-none-eabi-objcopy -v -O binary "MKL25Z4_RX.axf" "MKL25Z4_RX.bin" ; # checksum -p MKL25Z128xxx4 -d "MKL25Z4_RX.bin";
   text	   data	    bss	    dec	    hex	filename
   3076	      0	   2384	   5460	   1554	MKL25Z4_RX.axf
 
18:05:06 **** Build of configuration Debug for project practica_uart ****
make -r -j16 all 
Building file: ../source/practica_uart.c
Invoking: MCU C Compiler
arm-none-eabi-gcc -D__REDLIB__ -DCPU_MKL25Z128VLK4 -DCPU_MKL25Z128VLK4_cm0plus -DSDK_OS_BAREMETAL -DFSL_RTOS_BM -DSDK_DEBUGCONSOLE=1 -DCR_INTEGER_PRINTF -DPRINTF_FLOAT_ENABLE=0 -D__MCUXPRESSO -D__USE_CMSIS -DDEBUG -I"/home/sesgaro/Documents/MCUXpresso_25.6.136/workspace/practica_uart/board" -I"/home/sesgaro/Documents/MCUXpresso_25.6.136/workspace/practica_uart/source" -I"/home/sesgaro/Documents/MCUXpresso_25.6.136/workspace/practica_uart" -I"/home/sesgaro/Documents/MCUXpresso_25.6.136/workspace/practica_uart/drivers" -I"/home/sesgaro/Documents/MCUXpresso_25.6.136/workspace/practica_uart/startup" -I"/home/sesgaro/Documents/MCUXpresso_25.6.136/workspace/practica_uart/utilities" -I"/home/sesgaro/Documents/MCUXpresso_25.6.136/workspace/practica_uart/CMSIS" -O0 -fno-common -g3 -gdwarf-4 -Wall -c -fmessage-length=0 -fno-builtin -ffunction-sections -fdata-sections -fmerge-constants -fmacro-prefix-map="../source/"= -mcpu=cortex-m0plus -mthumb -D__REDLIB__ -fstack-usage -specs=redlib.specs -MMD -MP -MF"source/practica_uart.d" -MT"source/practica_uart.o" -MT"source/practica_uart.d" -o "source/practica_uart.o" "../source/practica_uart.c"
Finished building: ../source/practica_uart.c
 
Building target: practica_uart.axf
Invoking: MCU Linker
arm-none-eabi-gcc -nostdlib -Xlinker -Map="practica_uart.map" -Xlinker --gc-sections -Xlinker -print-memory-usage -Xlinker --sort-section=alignment -Xlinker --cref -mcpu=cortex-m0plus -mthumb -T practica_uart_Debug.ld -o "practica_uart.axf" ./utilities/fsl_debug_console.o  ./startup/startup_mkl25z4.o  ./source/mtb.o ./source/practica_uart.o ./source/semihost_hardfault.o  ./drivers/fsl_clock.o ./drivers/fsl_common.o ./drivers/fsl_flash.o ./drivers/fsl_gpio.o ./drivers/fsl_lpsci.o ./drivers/fsl_smc.o ./drivers/fsl_uart.o  ./board/board.o ./board/clock_config.o ./board/peripherals.o ./board/pin_mux.o  ./CMSIS/system_MKL25Z4.o   
Memory region         Used Size  Region Size  %age Used
   PROGRAM_FLASH:        6400 B       128 KB      4.88%
            SRAM:        2384 B        16 KB     14.55%
Finished building target: practica_uart.axf
 
Performing post-build steps
arm-none-eabi-size "practica_uart.axf"; # arm-none-eabi-objcopy -v -O binary "practica_uart.axf" "practica_uart.bin" ; # checksum -p MKL25Z128xxx4 -d "practica_uart.bin";
   text	   data	    bss	    dec	    hex	filename
   6400	      0	   2384	   8784	   2250	practica_uart.axf
 
18:12:04 **** Build of configuration Debug for project practica_uart ****
make -r -j16 all 
Building file: ../source/practica_uart.c
Invoking: MCU C Compiler
arm-none-eabi-gcc -D__REDLIB__ -DCPU_MKL25Z128VLK4 -DCPU_MKL25Z128VLK4_cm0plus -DSDK_OS_BAREMETAL -DFSL_RTOS_BM -DSDK_DEBUGCONSOLE=1 -DCR_INTEGER_PRINTF -DPRINTF_FLOAT_ENABLE=0 -D__MCUXPRESSO -D__USE_CMSIS -DDEBUG -I"/home/sesgaro/Documents/MCUXpresso_25.6.136/workspace/practica_uart/board" -I"/home/sesgaro/Documents/MCUXpresso_25.6.136/workspace/practica_uart/source" -I"/home/sesgaro/Documents/MCUXpresso_25.6.136/workspace/practica_uart" -I"/home/sesgaro/Documents/MCUXpresso_25.6.136/workspace/practica_uart/drivers" -I"/home/sesgaro/Documents/MCUXpresso_25.6.136/workspace/practica_uart/startup" -I"/home/sesgaro/Documents/MCUXpresso_25.6.136/workspace/practica_uart/utilities" -I"/home/sesgaro/Documents/MCUXpresso_25.6.136/workspace/practica_uart/CMSIS" -O0 -fno-common -g3 -gdwarf-4 -Wall -c -fmessage-length=0 -fno-builtin -ffunction-sections -fdata-sections -fmerge-constants -fmacro-prefix-map="../source/"= -mcpu=cortex-m0plus -mthumb -D__REDLIB__ -fstack-usage -specs=redlib.specs -MMD -MP -MF"source/practica_uart.d" -MT"source/practica_uart.o" -MT"source/practica_uart.d" -o "source/practica_uart.o" "../source/practica_uart.c"
Finished building: ../source/practica_uart.c
 
Building target: practica_uart.axf
Invoking: MCU Linker
arm-none-eabi-gcc -nostdlib -Xlinker -Map="practica_uart.map" -Xlinker --gc-sections -Xlinker -print-memory-usage -Xlinker --sort-section=alignment -Xlinker --cref -mcpu=cortex-m0plus -mthumb -T practica_uart_Debug.ld -o "practica_uart.axf" ./utilities/fsl_debug_console.o  ./startup/startup_mkl25z4.o  ./source/mtb.o ./source/practica_uart.o ./source/semihost_hardfault.o  ./drivers/fsl_clock.o ./drivers/fsl_common.o ./drivers/fsl_flash.o ./drivers/fsl_gpio.o ./drivers/fsl_lpsci.o ./drivers/fsl_smc.o ./drivers/fsl_uart.o  ./board/board.o ./board/clock_config.o ./board/peripherals.o ./board/pin_mux.o  ./CMSIS/system_MKL25Z4.o   
Memory region         Used Size  Region Size  %age Used
   PROGRAM_FLASH:        6424 B       128 KB      4.90%
            SRAM:        2384 B        16 KB     14.55%
Finished building target: practica_uart.axf
 
Performing post-build steps
arm-none-eabi-size "practica_uart.axf"; # arm-none-eabi-objcopy -v -O binary "practica_uart.axf" "practica_uart.bin" ; # checksum -p MKL25Z128xxx4 -d "practica_uart.bin";
   text	   data	    bss	    dec	    hex	filename
   6424	      0	   2384	   8808	   2268	practica_uart.axf
 
10:54:11 **** Build of configuration Debug for project Practica_uart_isr ****
make -r -j16 all 
Building file: ../utilities/fsl_debug_console.c
Building file: ../startup/startup_mkl25z4.c
Building file: ../source/Practica_uart_isr.c
Invoking: MCU C Compiler
Building file: ../source/mtb.c
Invoking: MCU C Compiler
arm-none-eabi-gcc -D__REDLIB__ -DCPU_MKL25Z128VLK4 -DCPU_MKL25Z128VLK4_cm0plus -DSDK_OS_BAREMETAL -DFSL_RTOS_BM -DSDK_DEBUGCONSOLE=1 -DCR_INTEGER_PRINTF -DPRINTF_FLOAT_ENABLE=0 -D__MCUXPRESSO -D__USE_CMSIS -DDEBUG -I"/home/sesgaro/Documents/MCUXpresso_25.6.136/workspace/Practica_uart_isr/board" -I"/home/sesgaro/Documents/MCUXpresso_25.6.136/workspace/Practica_uart_isr/source" -I"/home/sesgaro/Documents/MCUXpresso_25.6.136/workspace/Practica_uart_isr" -I"/home/sesgaro/Documents/MCUXpresso_25.6.136/workspace/Practica_uart_isr/drivers" -I"/home/sesgaro/Documents/MCUXpresso_25.6.136/workspace/Practica_uart_isr/startup" -I"/home/sesgaro/Documents/MCUXpresso_25.6.136/workspace/Practica_uart_isr/utilities" -I"/home/sesgaro/Documents/MCUXpresso_25.6.136/workspace/Practica_uart_isr/CMSIS" -O0 -fno-common -g3 -gdwarf-4 -Wall -c -fmessage-length=0 -fno-builtin -ffunction-sections -fdata-sections -fmerge-constants -fmacro-prefix-map="../utilities/"= -mcpu=cortex-m0plus -mthumb -D__REDLIB__ -fstack-usage -specs=redlib.specs -MMD -MP -MF"utilities/fsl_debug_console.d" -MT"utilities/fsl_debug_console.o" -MT"utilities/fsl_debug_console.d" -o "utilities/fsl_debug_console.o" "../utilities/fsl_debug_console.c"
Invoking: MCU C Compiler
arm-none-eabi-gcc -D__REDLIB__ -DCPU_MKL25Z128VLK4 -DCPU_MKL25Z128VLK4_cm0plus -DSDK_OS_BAREMETAL -DFSL_RTOS_BM -DSDK_DEBUGCONSOLE=1 -DCR_INTEGER_PRINTF -DPRINTF_FLOAT_ENABLE=0 -D__MCUXPRESSO -D__USE_CMSIS -DDEBUG -I"/home/sesgaro/Documents/MCUXpresso_25.6.136/workspace/Practica_uart_isr/board" -I"/home/sesgaro/Documents/MCUXpresso_25.6.136/workspace/Practica_uart_isr/source" -I"/home/sesgaro/Documents/MCUXpresso_25.6.136/workspace/Practica_uart_isr" -I"/home/sesgaro/Documents/MCUXpresso_25.6.136/workspace/Practica_uart_isr/drivers" -I"/home/sesgaro/Documents/MCUXpresso_25.6.136/workspace/Practica_uart_isr/startup" -I"/home/sesgaro/Documents/MCUXpresso_25.6.136/workspace/Practica_uart_isr/utilities" -I"/home/sesgaro/Documents/MCUXpresso_25.6.136/workspace/Practica_uart_isr/CMSIS" -O0 -fno-common -g3 -gdwarf-4 -Wall -c -fmessage-length=0 -fno-builtin -ffunction-sections -fdata-sections -fmerge-constants -fmacro-prefix-map="../startup/"= -mcpu=cortex-m0plus -mthumb -D__REDLIB__ -fstack-usage -specs=redlib.specs -MMD -MP -MF"startup/startup_mkl25z4.d" -MT"startup/startup_mkl25z4.o" -MT"startup/startup_mkl25z4.d" -o "startup/startup_mkl25z4.o" "../startup/startup_mkl25z4.c"
Building file: ../source/semihost_hardfault.c
arm-none-eabi-gcc -D__REDLIB__ -DCPU_MKL25Z128VLK4 -DCPU_MKL25Z128VLK4_cm0plus -DSDK_OS_BAREMETAL -DFSL_RTOS_BM -DSDK_DEBUGCONSOLE=1 -DCR_INTEGER_PRINTF -DPRINTF_FLOAT_ENABLE=0 -D__MCUXPRESSO -D__USE_CMSIS -DDEBUG -I"/home/sesgaro/Documents/MCUXpresso_25.6.136/workspace/Practica_uart_isr/board" -I"/home/sesgaro/Documents/MCUXpresso_25.6.136/workspace/Practica_uart_isr/source" -I"/home/sesgaro/Documents/MCUXpresso_25.6.136/workspace/Practica_uart_isr" -I"/home/sesgaro/Documents/MCUXpresso_25.6.136/workspace/Practica_uart_isr/drivers" -I"/home/sesgaro/Documents/MCUXpresso_25.6.136/workspace/Practica_uart_isr/startup" -I"/home/sesgaro/Documents/MCUXpresso_25.6.136/workspace/Practica_uart_isr/utilities" -I"/home/sesgaro/Documents/MCUXpresso_25.6.136/workspace/Practica_uart_isr/CMSIS" -O0 -fno-common -g3 -gdwarf-4 -Wall -c -fmessage-length=0 -fno-builtin -ffunction-sections -fdata-sections -fmerge-constants -fmacro-prefix-map="../source/"= -mcpu=cortex-m0plus -mthumb -D__REDLIB__ -fstack-usage -specs=redlib.specs -MMD -MP -MF"source/Practica_uart_isr.d" -MT"source/Practica_uart_isr.o" -MT"source/Practica_uart_isr.d" -o "source/Practica_uart_isr.o" "../source/Practica_uart_isr.c"
Invoking: MCU C Compiler
Invoking: MCU C Compiler
arm-none-eabi-gcc -D__REDLIB__ -DCPU_MKL25Z128VLK4 -DCPU_MKL25Z128VLK4_cm0plus -DSDK_OS_BAREMETAL -DFSL_RTOS_BM -DSDK_DEBUGCONSOLE=1 -DCR_INTEGER_PRINTF -DPRINTF_FLOAT_ENABLE=0 -D__MCUXPRESSO -D__USE_CMSIS -DDEBUG -I"/home/sesgaro/Documents/MCUXpresso_25.6.136/workspace/Practica_uart_isr/board" -I"/home/sesgaro/Documents/MCUXpresso_25.6.136/workspace/Practica_uart_isr/source" -I"/home/sesgaro/Documents/MCUXpresso_25.6.136/workspace/Practica_uart_isr" -I"/home/sesgaro/Documents/MCUXpresso_25.6.136/workspace/Practica_uart_isr/drivers" -I"/home/sesgaro/Documents/MCUXpresso_25.6.136/workspace/Practica_uart_isr/startup" -I"/home/sesgaro/Documents/MCUXpresso_25.6.136/workspace/Practica_uart_isr/utilities" -I"/home/sesgaro/Documents/MCUXpresso_25.6.136/workspace/Practica_uart_isr/CMSIS" -O0 -fno-common -g3 -gdwarf-4 -Wall -c -fmessage-length=0 -fno-builtin -ffunction-sections -fdata-sections -fmerge-constants -fmacro-prefix-map="../source/"= -mcpu=cortex-m0plus -mthumb -D__REDLIB__ -fstack-usage -specs=redlib.specs -MMD -MP -MF"source/mtb.d" -MT"source/mtb.o" -MT"source/mtb.d" -o "source/mtb.o" "../source/mtb.c"
Building file: ../drivers/fsl_clock.c
arm-none-eabi-gcc -D__REDLIB__ -DCPU_MKL25Z128VLK4 -DCPU_MKL25Z128VLK4_cm0plus -DSDK_OS_BAREMETAL -DFSL_RTOS_BM -DSDK_DEBUGCONSOLE=1 -DCR_INTEGER_PRINTF -DPRINTF_FLOAT_ENABLE=0 -D__MCUXPRESSO -D__USE_CMSIS -DDEBUG -I"/home/sesgaro/Documents/MCUXpresso_25.6.136/workspace/Practica_uart_isr/board" -I"/home/sesgaro/Documents/MCUXpresso_25.6.136/workspace/Practica_uart_isr/source" -I"/home/sesgaro/Documents/MCUXpresso_25.6.136/workspace/Practica_uart_isr" -I"/home/sesgaro/Documents/MCUXpresso_25.6.136/workspace/Practica_uart_isr/drivers" -I"/home/sesgaro/Documents/MCUXpresso_25.6.136/workspace/Practica_uart_isr/startup" -I"/home/sesgaro/Documents/MCUXpresso_25.6.136/workspace/Practica_uart_isr/utilities" -I"/home/sesgaro/Documents/MCUXpresso_25.6.136/workspace/Practica_uart_isr/CMSIS" -O0 -fno-common -g3 -gdwarf-4 -Wall -c -fmessage-length=0 -fno-builtin -ffunction-sections -fdata-sections -fmerge-constants -fmacro-prefix-map="../source/"= -mcpu=cortex-m0plus -mthumb -D__REDLIB__ -fstack-usage -specs=redlib.specs -MMD -MP -MF"source/semihost_hardfault.d" -MT"source/semihost_hardfault.o" -MT"source/semihost_hardfault.d" -o "source/semihost_hardfault.o" "../source/semihost_hardfault.c"
Invoking: MCU C Compiler
arm-none-eabi-gcc -D__REDLIB__ -DCPU_MKL25Z128VLK4 -DCPU_MKL25Z128VLK4_cm0plus -DSDK_OS_BAREMETAL -DFSL_RTOS_BM -DSDK_DEBUGCONSOLE=1 -DCR_INTEGER_PRINTF -DPRINTF_FLOAT_ENABLE=0 -D__MCUXPRESSO -D__USE_CMSIS -DDEBUG -I"/home/sesgaro/Documents/MCUXpresso_25.6.136/workspace/Practica_uart_isr/board" -I"/home/sesgaro/Documents/MCUXpresso_25.6.136/workspace/Practica_uart_isr/source" -I"/home/sesgaro/Documents/MCUXpresso_25.6.136/workspace/Practica_uart_isr" -I"/home/sesgaro/Documents/MCUXpresso_25.6.136/workspace/Practica_uart_isr/drivers" -I"/home/sesgaro/Documents/MCUXpresso_25.6.136/workspace/Practica_uart_isr/startup" -I"/home/sesgaro/Documents/MCUXpresso_25.6.136/workspace/Practica_uart_isr/utilities" -I"/home/sesgaro/Documents/MCUXpresso_25.6.136/workspace/Practica_uart_isr/CMSIS" -O0 -fno-common -g3 -gdwarf-4 -Wall -c -fmessage-length=0 -fno-builtin -ffunction-sections -fdata-sections -fmerge-constants -fmacro-prefix-map="../drivers/"= -mcpu=cortex-m0plus -mthumb -D__REDLIB__ -fstack-usage -specs=redlib.specs -MMD -MP -MF"drivers/fsl_clock.d" -MT"drivers/fsl_clock.o" -MT"drivers/fsl_clock.d" -o "drivers/fsl_clock.o" "../drivers/fsl_clock.c"
Building file: ../drivers/fsl_common.c
Building file: ../drivers/fsl_flash.c
Building file: ../drivers/fsl_gpio.c
Building file: ../drivers/fsl_lpsci.c
Invoking: MCU C Compiler
Invoking: MCU C Compiler
Invoking: MCU C Compiler
Invoking: MCU C Compiler
Building file: ../drivers/fsl_smc.c
arm-none-eabi-gcc -D__REDLIB__ -DCPU_MKL25Z128VLK4 -DCPU_MKL25Z128VLK4_cm0plus -DSDK_OS_BAREMETAL -DFSL_RTOS_BM -DSDK_DEBUGCONSOLE=1 -DCR_INTEGER_PRINTF -DPRINTF_FLOAT_ENABLE=0 -D__MCUXPRESSO -D__USE_CMSIS -DDEBUG -I"/home/sesgaro/Documents/MCUXpresso_25.6.136/workspace/Practica_uart_isr/board" -I"/home/sesgaro/Documents/MCUXpresso_25.6.136/workspace/Practica_uart_isr/source" -I"/home/sesgaro/Documents/MCUXpresso_25.6.136/workspace/Practica_uart_isr" -I"/home/sesgaro/Documents/MCUXpresso_25.6.136/workspace/Practica_uart_isr/drivers" -I"/home/sesgaro/Documents/MCUXpresso_25.6.136/workspace/Practica_uart_isr/startup" -I"/home/sesgaro/Documents/MCUXpresso_25.6.136/workspace/Practica_uart_isr/utilities" -I"/home/sesgaro/Documents/MCUXpresso_25.6.136/workspace/Practica_uart_isr/CMSIS" -O0 -fno-common -g3 -gdwarf-4 -Wall -c -fmessage-length=0 -fno-builtin -ffunction-sections -fdata-sections -fmerge-constants -fmacro-prefix-map="../drivers/"= -mcpu=cortex-m0plus -mthumb -D__REDLIB__ -fstack-usage -specs=redlib.specs -MMD -MP -MF"drivers/fsl_common.d" -MT"drivers/fsl_common.o" -MT"drivers/fsl_common.d" -o "drivers/fsl_common.o" "../drivers/fsl_common.c"
arm-none-eabi-gcc -D__REDLIB__ -DCPU_MKL25Z128VLK4 -DCPU_MKL25Z128VLK4_cm0plus -DSDK_OS_BAREMETAL -DFSL_RTOS_BM -DSDK_DEBUGCONSOLE=1 -DCR_INTEGER_PRINTF -DPRINTF_FLOAT_ENABLE=0 -D__MCUXPRESSO -D__USE_CMSIS -DDEBUG -I"/home/sesgaro/Documents/MCUXpresso_25.6.136/workspace/Practica_uart_isr/board" -I"/home/sesgaro/Documents/MCUXpresso_25.6.136/workspace/Practica_uart_isr/source" -I"/home/sesgaro/Documents/MCUXpresso_25.6.136/workspace/Practica_uart_isr" -I"/home/sesgaro/Documents/MCUXpresso_25.6.136/workspace/Practica_uart_isr/drivers" -I"/home/sesgaro/Documents/MCUXpresso_25.6.136/workspace/Practica_uart_isr/startup" -I"/home/sesgaro/Documents/MCUXpresso_25.6.136/workspace/Practica_uart_isr/utilities" -I"/home/sesgaro/Documents/MCUXpresso_25.6.136/workspace/Practica_uart_isr/CMSIS" -O0 -fno-common -g3 -gdwarf-4 -Wall -c -fmessage-length=0 -fno-builtin -ffunction-sections -fdata-sections -fmerge-constants -fmacro-prefix-map="../drivers/"= -mcpu=cortex-m0plus -mthumb -D__REDLIB__ -fstack-usage -specs=redlib.specs -MMD -MP -MF"drivers/fsl_flash.d" -MT"drivers/fsl_flash.o" -MT"drivers/fsl_flash.d" -o "drivers/fsl_flash.o" "../drivers/fsl_flash.c"
arm-none-eabi-gcc -D__REDLIB__ -DCPU_MKL25Z128VLK4 -DCPU_MKL25Z128VLK4_cm0plus -DSDK_OS_BAREMETAL -DFSL_RTOS_BM -DSDK_DEBUGCONSOLE=1 -DCR_INTEGER_PRINTF -DPRINTF_FLOAT_ENABLE=0 -D__MCUXPRESSO -D__USE_CMSIS -DDEBUG -I"/home/sesgaro/Documents/MCUXpresso_25.6.136/workspace/Practica_uart_isr/board" -I"/home/sesgaro/Documents/MCUXpresso_25.6.136/workspace/Practica_uart_isr/source" -I"/home/sesgaro/Documents/MCUXpresso_25.6.136/workspace/Practica_uart_isr" -I"/home/sesgaro/Documents/MCUXpresso_25.6.136/workspace/Practica_uart_isr/drivers" -I"/home/sesgaro/Documents/MCUXpresso_25.6.136/workspace/Practica_uart_isr/startup" -I"/home/sesgaro/Documents/MCUXpresso_25.6.136/workspace/Practica_uart_isr/utilities" -I"/home/sesgaro/Documents/MCUXpresso_25.6.136/workspace/Practica_uart_isr/CMSIS" -O0 -fno-common -g3 -gdwarf-4 -Wall -c -fmessage-length=0 -fno-builtin -ffunction-sections -fdata-sections -fmerge-constants -fmacro-prefix-map="../drivers/"= -mcpu=cortex-m0plus -mthumb -D__REDLIB__ -fstack-usage -specs=redlib.specs -MMD -MP -MF"drivers/fsl_gpio.d" -MT"drivers/fsl_gpio.o" -MT"drivers/fsl_gpio.d" -o "drivers/fsl_gpio.o" "../drivers/fsl_gpio.c"
arm-none-eabi-gcc -D__REDLIB__ -DCPU_MKL25Z128VLK4 -DCPU_MKL25Z128VLK4_cm0plus -DSDK_OS_BAREMETAL -DFSL_RTOS_BM -DSDK_DEBUGCONSOLE=1 -DCR_INTEGER_PRINTF -DPRINTF_FLOAT_ENABLE=0 -D__MCUXPRESSO -D__USE_CMSIS -DDEBUG -I"/home/sesgaro/Documents/MCUXpresso_25.6.136/workspace/Practica_uart_isr/board" -I"/home/sesgaro/Documents/MCUXpresso_25.6.136/workspace/Practica_uart_isr/source" -I"/home/sesgaro/Documents/MCUXpresso_25.6.136/workspace/Practica_uart_isr" -I"/home/sesgaro/Documents/MCUXpresso_25.6.136/workspace/Practica_uart_isr/drivers" -I"/home/sesgaro/Documents/MCUXpresso_25.6.136/workspace/Practica_uart_isr/startup" -I"/home/sesgaro/Documents/MCUXpresso_25.6.136/workspace/Practica_uart_isr/utilities" -I"/home/sesgaro/Documents/MCUXpresso_25.6.136/workspace/Practica_uart_isr/CMSIS" -O0 -fno-common -g3 -gdwarf-4 -Wall -c -fmessage-length=0 -fno-builtin -ffunction-sections -fdata-sections -fmerge-constants -fmacro-prefix-map="../drivers/"= -mcpu=cortex-m0plus -mthumb -D__REDLIB__ -fstack-usage -specs=redlib.specs -MMD -MP -MF"drivers/fsl_lpsci.d" -MT"drivers/fsl_lpsci.o" -MT"drivers/fsl_lpsci.d" -o "drivers/fsl_lpsci.o" "../drivers/fsl_lpsci.c"
Invoking: MCU C Compiler
arm-none-eabi-gcc -D__REDLIB__ -DCPU_MKL25Z128VLK4 -DCPU_MKL25Z128VLK4_cm0plus -DSDK_OS_BAREMETAL -DFSL_RTOS_BM -DSDK_DEBUGCONSOLE=1 -DCR_INTEGER_PRINTF -DPRINTF_FLOAT_ENABLE=0 -D__MCUXPRESSO -D__USE_CMSIS -DDEBUG -I"/home/sesgaro/Documents/MCUXpresso_25.6.136/workspace/Practica_uart_isr/board" -I"/home/sesgaro/Documents/MCUXpresso_25.6.136/workspace/Practica_uart_isr/source" -I"/home/sesgaro/Documents/MCUXpresso_25.6.136/workspace/Practica_uart_isr" -I"/home/sesgaro/Documents/MCUXpresso_25.6.136/workspace/Practica_uart_isr/drivers" -I"/home/sesgaro/Documents/MCUXpresso_25.6.136/workspace/Practica_uart_isr/startup" -I"/home/sesgaro/Documents/MCUXpresso_25.6.136/workspace/Practica_uart_isr/utilities" -I"/home/sesgaro/Documents/MCUXpresso_25.6.136/workspace/Practica_uart_isr/CMSIS" -O0 -fno-common -g3 -gdwarf-4 -Wall -c -fmessage-length=0 -fno-builtin -ffunction-sections -fdata-sections -fmerge-constants -fmacro-prefix-map="../drivers/"= -mcpu=cortex-m0plus -mthumb -D__REDLIB__ -fstack-usage -specs=redlib.specs -MMD -MP -MF"drivers/fsl_smc.d" -MT"drivers/fsl_smc.o" -MT"drivers/fsl_smc.d" -o "drivers/fsl_smc.o" "../drivers/fsl_smc.c"
Building file: ../drivers/fsl_uart.c
Building file: ../board/board.c
Building file: ../board/clock_config.c
Invoking: MCU C Compiler
Invoking: MCU C Compiler
arm-none-eabi-gcc -D__REDLIB__ -DCPU_MKL25Z128VLK4 -DCPU_MKL25Z128VLK4_cm0plus -DSDK_OS_BAREMETAL -DFSL_RTOS_BM -DSDK_DEBUGCONSOLE=1 -DCR_INTEGER_PRINTF -DPRINTF_FLOAT_ENABLE=0 -D__MCUXPRESSO -D__USE_CMSIS -DDEBUG -I"/home/sesgaro/Documents/MCUXpresso_25.6.136/workspace/Practica_uart_isr/board" -I"/home/sesgaro/Documents/MCUXpresso_25.6.136/workspace/Practica_uart_isr/source" -I"/home/sesgaro/Documents/MCUXpresso_25.6.136/workspace/Practica_uart_isr" -I"/home/sesgaro/Documents/MCUXpresso_25.6.136/workspace/Practica_uart_isr/drivers" -I"/home/sesgaro/Documents/MCUXpresso_25.6.136/workspace/Practica_uart_isr/startup" -I"/home/sesgaro/Documents/MCUXpresso_25.6.136/workspace/Practica_uart_isr/utilities" -I"/home/sesgaro/Documents/MCUXpresso_25.6.136/workspace/Practica_uart_isr/CMSIS" -O0 -fno-common -g3 -gdwarf-4 -Wall -c -fmessage-length=0 -fno-builtin -ffunction-sections -fdata-sections -fmerge-constants -fmacro-prefix-map="../drivers/"= -mcpu=cortex-m0plus -mthumb -D__REDLIB__ -fstack-usage -specs=redlib.specs -MMD -MP -MF"drivers/fsl_uart.d" -MT"drivers/fsl_uart.o" -MT"drivers/fsl_uart.d" -o "drivers/fsl_uart.o" "../drivers/fsl_uart.c"
Invoking: MCU C Compiler
arm-none-eabi-gcc -D__REDLIB__ -DCPU_MKL25Z128VLK4 -DCPU_MKL25Z128VLK4_cm0plus -DSDK_OS_BAREMETAL -DFSL_RTOS_BM -DSDK_DEBUGCONSOLE=1 -DCR_INTEGER_PRINTF -DPRINTF_FLOAT_ENABLE=0 -D__MCUXPRESSO -D__USE_CMSIS -DDEBUG -I"/home/sesgaro/Documents/MCUXpresso_25.6.136/workspace/Practica_uart_isr/board" -I"/home/sesgaro/Documents/MCUXpresso_25.6.136/workspace/Practica_uart_isr/source" -I"/home/sesgaro/Documents/MCUXpresso_25.6.136/workspace/Practica_uart_isr" -I"/home/sesgaro/Documents/MCUXpresso_25.6.136/workspace/Practica_uart_isr/drivers" -I"/home/sesgaro/Documents/MCUXpresso_25.6.136/workspace/Practica_uart_isr/startup" -I"/home/sesgaro/Documents/MCUXpresso_25.6.136/workspace/Practica_uart_isr/utilities" -I"/home/sesgaro/Documents/MCUXpresso_25.6.136/workspace/Practica_uart_isr/CMSIS" -O0 -fno-common -g3 -gdwarf-4 -Wall -c -fmessage-length=0 -fno-builtin -ffunction-sections -fdata-sections -fmerge-constants -fmacro-prefix-map="../board/"= -mcpu=cortex-m0plus -mthumb -D__REDLIB__ -fstack-usage -specs=redlib.specs -MMD -MP -MF"board/board.d" -MT"board/board.o" -MT"board/board.d" -o "board/board.o" "../board/board.c"
arm-none-eabi-gcc -D__REDLIB__ -DCPU_MKL25Z128VLK4 -DCPU_MKL25Z128VLK4_cm0plus -DSDK_OS_BAREMETAL -DFSL_RTOS_BM -DSDK_DEBUGCONSOLE=1 -DCR_INTEGER_PRINTF -DPRINTF_FLOAT_ENABLE=0 -D__MCUXPRESSO -D__USE_CMSIS -DDEBUG -I"/home/sesgaro/Documents/MCUXpresso_25.6.136/workspace/Practica_uart_isr/board" -I"/home/sesgaro/Documents/MCUXpresso_25.6.136/workspace/Practica_uart_isr/source" -I"/home/sesgaro/Documents/MCUXpresso_25.6.136/workspace/Practica_uart_isr" -I"/home/sesgaro/Documents/MCUXpresso_25.6.136/workspace/Practica_uart_isr/drivers" -I"/home/sesgaro/Documents/MCUXpresso_25.6.136/workspace/Practica_uart_isr/startup" -I"/home/sesgaro/Documents/MCUXpresso_25.6.136/workspace/Practica_uart_isr/utilities" -I"/home/sesgaro/Documents/MCUXpresso_25.6.136/workspace/Practica_uart_isr/CMSIS" -O0 -fno-common -g3 -gdwarf-4 -Wall -c -fmessage-length=0 -fno-builtin -ffunction-sections -fdata-sections -fmerge-constants -fmacro-prefix-map="../board/"= -mcpu=cortex-m0plus -mthumb -D__REDLIB__ -fstack-usage -specs=redlib.specs -MMD -MP -MF"board/clock_config.d" -MT"board/clock_config.o" -MT"board/clock_config.d" -o "board/clock_config.o" "../board/clock_config.c"
Building file: ../board/peripherals.c
Building file: ../board/pin_mux.c
Invoking: MCU C Compiler
arm-none-eabi-gcc -D__REDLIB__ -DCPU_MKL25Z128VLK4 -DCPU_MKL25Z128VLK4_cm0plus -DSDK_OS_BAREMETAL -DFSL_RTOS_BM -DSDK_DEBUGCONSOLE=1 -DCR_INTEGER_PRINTF -DPRINTF_FLOAT_ENABLE=0 -D__MCUXPRESSO -D__USE_CMSIS -DDEBUG -I"/home/sesgaro/Documents/MCUXpresso_25.6.136/workspace/Practica_uart_isr/board" -I"/home/sesgaro/Documents/MCUXpresso_25.6.136/workspace/Practica_uart_isr/source" -I"/home/sesgaro/Documents/MCUXpresso_25.6.136/workspace/Practica_uart_isr" -I"/home/sesgaro/Documents/MCUXpresso_25.6.136/workspace/Practica_uart_isr/drivers" -I"/home/sesgaro/Documents/MCUXpresso_25.6.136/workspace/Practica_uart_isr/startup" -I"/home/sesgaro/Documents/MCUXpresso_25.6.136/workspace/Practica_uart_isr/utilities" -I"/home/sesgaro/Documents/MCUXpresso_25.6.136/workspace/Practica_uart_isr/CMSIS" -O0 -fno-common -g3 -gdwarf-4 -Wall -c -fmessage-length=0 -fno-builtin -ffunction-sections -fdata-sections -fmerge-constants -fmacro-prefix-map="../board/"= -mcpu=cortex-m0plus -mthumb -D__REDLIB__ -fstack-usage -specs=redlib.specs -MMD -MP -MF"board/peripherals.d" -MT"board/peripherals.o" -MT"board/peripherals.d" -o "board/peripherals.o" "../board/peripherals.c"
Invoking: MCU C Compiler
arm-none-eabi-gcc -D__REDLIB__ -DCPU_MKL25Z128VLK4 -DCPU_MKL25Z128VLK4_cm0plus -DSDK_OS_BAREMETAL -DFSL_RTOS_BM -DSDK_DEBUGCONSOLE=1 -DCR_INTEGER_PRINTF -DPRINTF_FLOAT_ENABLE=0 -D__MCUXPRESSO -D__USE_CMSIS -DDEBUG -I"/home/sesgaro/Documents/MCUXpresso_25.6.136/workspace/Practica_uart_isr/board" -I"/home/sesgaro/Documents/MCUXpresso_25.6.136/workspace/Practica_uart_isr/source" -I"/home/sesgaro/Documents/MCUXpresso_25.6.136/workspace/Practica_uart_isr" -I"/home/sesgaro/Documents/MCUXpresso_25.6.136/workspace/Practica_uart_isr/drivers" -I"/home/sesgaro/Documents/MCUXpresso_25.6.136/workspace/Practica_uart_isr/startup" -I"/home/sesgaro/Documents/MCUXpresso_25.6.136/workspace/Practica_uart_isr/utilities" -I"/home/sesgaro/Documents/MCUXpresso_25.6.136/workspace/Practica_uart_isr/CMSIS" -O0 -fno-common -g3 -gdwarf-4 -Wall -c -fmessage-length=0 -fno-builtin -ffunction-sections -fdata-sections -fmerge-constants -fmacro-prefix-map="../board/"= -mcpu=cortex-m0plus -mthumb -D__REDLIB__ -fstack-usage -specs=redlib.specs -MMD -MP -MF"board/pin_mux.d" -MT"board/pin_mux.o" -MT"board/pin_mux.d" -o "board/pin_mux.o" "../board/pin_mux.c"
Finished building: ../source/mtb.c
 
Building file: ../CMSIS/system_MKL25Z4.c
Finished building: ../board/peripherals.c
 
Invoking: MCU C Compiler
arm-none-eabi-gcc -D__REDLIB__ -DCPU_MKL25Z128VLK4 -DCPU_MKL25Z128VLK4_cm0plus -DSDK_OS_BAREMETAL -DFSL_RTOS_BM -DSDK_DEBUGCONSOLE=1 -DCR_INTEGER_PRINTF -DPRINTF_FLOAT_ENABLE=0 -D__MCUXPRESSO -D__USE_CMSIS -DDEBUG -I"/home/sesgaro/Documents/MCUXpresso_25.6.136/workspace/Practica_uart_isr/board" -I"/home/sesgaro/Documents/MCUXpresso_25.6.136/workspace/Practica_uart_isr/source" -I"/home/sesgaro/Documents/MCUXpresso_25.6.136/workspace/Practica_uart_isr" -I"/home/sesgaro/Documents/MCUXpresso_25.6.136/workspace/Practica_uart_isr/drivers" -I"/home/sesgaro/Documents/MCUXpresso_25.6.136/workspace/Practica_uart_isr/startup" -I"/home/sesgaro/Documents/MCUXpresso_25.6.136/workspace/Practica_uart_isr/utilities" -I"/home/sesgaro/Documents/MCUXpresso_25.6.136/workspace/Practica_uart_isr/CMSIS" -O0 -fno-common -g3 -gdwarf-4 -Wall -c -fmessage-length=0 -fno-builtin -ffunction-sections -fdata-sections -fmerge-constants -fmacro-prefix-map="../CMSIS/"= -mcpu=cortex-m0plus -mthumb -D__REDLIB__ -fstack-usage -specs=redlib.specs -MMD -MP -MF"CMSIS/system_MKL25Z4.d" -MT"CMSIS/system_MKL25Z4.o" -MT"CMSIS/system_MKL25Z4.d" -o "CMSIS/system_MKL25Z4.o" "../CMSIS/system_MKL25Z4.c"
Finished building: ../source/semihost_hardfault.c
 
../utilities/fsl_debug_console.c: In function 'DbgConsole_Getchar':
../utilities/fsl_debug_console.c:482:31: warning: 'ch' may be used uninitialized [-Wmaybe-uninitialized]
  482 |     while (kStatus_Success != s_debugConsole.ops.rx_union.GetChar(s_debugConsole.base, (uint8_t *)(&ch), 1))
Finished building: ../startup/startup_mkl25z4.c
      |                               ^~~~~~~~~~~~~~~~~~~~~~~~~~~~~~~~~~~~~~~~~~~~~~~~~~~~~~~~~~~~~~~~~~~~~~~~~~~~~
../utilities/fsl_debug_console.c:482:31: note: by argument 2 of type 'const uint8_t *' {aka 'const unsigned char *'} to 'status_t(void *, const uint8_t *, size_t)' {aka 'int(void *, const unsigned char *, unsigned int)'}
../utilities/fsl_debug_console.c:476:10: note: 'ch' declared here
 
  476 |     char ch;
      |          ^~
Finished building: ../drivers/fsl_common.c
Finished building: ../board/pin_mux.c
 
 
Finished building: ../board/clock_config.c
 
Finished building: ../source/Practica_uart_isr.c
 
Finished building: ../board/board.c
 
Finished building: ../drivers/fsl_gpio.c
 
Finished building: ../drivers/fsl_smc.c
 
Finished building: ../CMSIS/system_MKL25Z4.c
 
Finished building: ../utilities/fsl_debug_console.c
 
Finished building: ../drivers/fsl_lpsci.c
 
Finished building: ../drivers/fsl_uart.c
 
Finished building: ../drivers/fsl_flash.c
 
Finished building: ../drivers/fsl_clock.c
 
Building target: Practica_uart_isr.axf
Invoking: MCU Linker
arm-none-eabi-gcc -nostdlib -Xlinker -Map="Practica_uart_isr.map" -Xlinker --gc-sections -Xlinker -print-memory-usage -Xlinker --sort-section=alignment -Xlinker --cref -mcpu=cortex-m0plus -mthumb -T Practica_uart_isr_Debug.ld -o "Practica_uart_isr.axf" ./utilities/fsl_debug_console.o  ./startup/startup_mkl25z4.o  ./source/Practica_uart_isr.o ./source/mtb.o ./source/semihost_hardfault.o  ./drivers/fsl_clock.o ./drivers/fsl_common.o ./drivers/fsl_flash.o ./drivers/fsl_gpio.o ./drivers/fsl_lpsci.o ./drivers/fsl_smc.o ./drivers/fsl_uart.o  ./board/board.o ./board/clock_config.o ./board/peripherals.o ./board/pin_mux.o  ./CMSIS/system_MKL25Z4.o   
Memory region         Used Size  Region Size  %age Used
   PROGRAM_FLASH:        7428 B       128 KB      5.67%
            SRAM:        2996 B        16 KB     18.29%
Finished building target: Practica_uart_isr.axf
 
Performing post-build steps
arm-none-eabi-size "Practica_uart_isr.axf"; # arm-none-eabi-objcopy -v -O binary "Practica_uart_isr.axf" "Practica_uart_isr.bin" ; # checksum -p MKL25Z128xxx4 -d "Practica_uart_isr.bin";
   text	   data	    bss	    dec	    hex	filename
   7428	      0	   2996	  10424	   28b8	Practica_uart_isr.axf
 
